CREATE DATABASE  IF NOT EXISTS `asdf_db` /*!40100 DEFAULT CHARACTER SET utf8 */;
USE `asdf_db`;
-- MariaDB dump 10.19  Distrib 10.5.10-MariaDB, for Linux (x86_64)
--
-- Host: 127.0.0.1    Database: asdf_db
-- ------------------------------------------------------
-- Server version	10.5.10-MariaDB

/*!40101 SET @OLD_CHARACTER_SET_CLIENT=@@CHARACTER_SET_CLIENT */;
/*!40101 SET @OLD_CHARACTER_SET_RESULTS=@@CHARACTER_SET_RESULTS */;
/*!40101 SET @OLD_COLLATION_CONNECTION=@@COLLATION_CONNECTION */;
/*!40101 SET NAMES utf8 */;
/*!40103 SET @OLD_TIME_ZONE=@@TIME_ZONE */;
/*!40103 SET TIME_ZONE='+00:00' */;
/*!40014 SET @OLD_UNIQUE_CHECKS=@@UNIQUE_CHECKS, UNIQUE_CHECKS=0 */;
/*!40014 SET @OLD_FOREIGN_KEY_CHECKS=@@FOREIGN_KEY_CHECKS, FOREIGN_KEY_CHECKS=0 */;
/*!40101 SET @OLD_SQL_MODE=@@SQL_MODE, SQL_MODE='NO_AUTO_VALUE_ON_ZERO' */;
/*!40111 SET @OLD_SQL_NOTES=@@SQL_NOTES, SQL_NOTES=0 */;

--
-- Temporary table structure for view `customer_activity`
--

DROP TABLE IF EXISTS `customer_activity`;
/*!50001 DROP VIEW IF EXISTS `customer_activity`*/;
SET @saved_cs_client     = @@character_set_client;
SET character_set_client = utf8;
/*!50001 CREATE TABLE `customer_activity` (
  `customer_id` tinyint NOT NULL,
  `timestamp_in` tinyint NOT NULL,
  `timestamp_out` tinyint NOT NULL,
  `place_id` tinyint NOT NULL,
  `place_description` tinyint NOT NULL
) ENGINE=MyISAM */;
SET character_set_client = @saved_cs_client;

--
-- Temporary table structure for view `customer_charges`
--

DROP TABLE IF EXISTS `customer_charges`;
/*!50001 DROP VIEW IF EXISTS `customer_charges`*/;
SET @saved_cs_client     = @@character_set_client;
SET character_set_client = utf8;
/*!50001 CREATE TABLE `customer_charges` (
  `nfc_id` tinyint NOT NULL,
  `date` tinyint NOT NULL,
  `type` tinyint NOT NULL,
  `charge` tinyint NOT NULL,
  `description` tinyint NOT NULL
) ENGINE=MyISAM */;
SET character_set_client = @saved_cs_client;

--
-- Temporary table structure for view `customer_data`
--

DROP TABLE IF EXISTS `customer_data`;
/*!50001 DROP VIEW IF EXISTS `customer_data`*/;
SET @saved_cs_client     = @@character_set_client;
SET character_set_client = utf8;
/*!50001 CREATE TABLE `customer_data` (
  `nfc_id` tinyint NOT NULL,
  `first_name` tinyint NOT NULL,
  `last_name` tinyint NOT NULL,
  `verif_id` tinyint NOT NULL,
  `birth` tinyint NOT NULL,
  `age` tinyint NOT NULL,
  `gender` tinyint NOT NULL,
  `reserved` tinyint NOT NULL
) ENGINE=MyISAM */;
SET character_set_client = @saved_cs_client;

--
-- Table structure for table `customer_emails`
--

DROP TABLE IF EXISTS `customer_emails`;
/*!40101 SET @saved_cs_client     = @@character_set_client */;
/*!40101 SET character_set_client = utf8 */;
CREATE TABLE `customer_emails` (
  `customer_id` int(10) NOT NULL,
  `email` varchar(30) NOT NULL,
  PRIMARY KEY (`email`,`customer_id`),
  KEY `fk_customer_emails_1` (`customer_id`),
  CONSTRAINT `fk_customer_emails_1` FOREIGN KEY (`customer_id`) REFERENCES `customers` (`nfc_id`) ON DELETE CASCADE ON UPDATE CASCADE
) ENGINE=InnoDB DEFAULT CHARSET=utf8;
/*!40101 SET character_set_client = @saved_cs_client */;

--
-- Dumping data for table `customer_emails`
--

LOCK TABLES `customer_emails` WRITE;
/*!40000 ALTER TABLE `customer_emails` DISABLE KEYS */;
INSERT INTO `customer_emails` VALUES (15,'andy_brennan@twinpeaks.org'),(14,'audrey@gmail.com'),(16,'benben@gmail.com'),(16,'ben_horne@gmail.com'),(7,'bobby97@gmail.com'),(1,'cooldavidlynch@hotmail.com'),(5,'daleacooper@yahoo.com'),(8,'donna.hayward@hotmail.com'),(21,'eckhardt_t@hotmail.com'),(19,'hank123@gmail.com'),(19,'im_hank_jen@gmail.com'),(9,'jacquesren@hotmail.com'),(22,'jean_michel@mail.com'),(23,'lawrence1970@gmail.com'),(3,'leland_p@gmail.com'),(20,'leo@gmail.com'),(24,'log_lady@gmail.com'),(2,'lpalmer@gmail.com'),(18,'lutenant_briggs@yahoo.com'),(17,'maddy_ferg1@outlook.com'),(10,'nadine@gmail.com'),(13,'notthebeerowner@fischer.com'),(9,'renaultrenault@gmail.com'),(1,'romanticdavidlynch@gmail.com'),(11,'ronnette@outlook.com'),(4,'sarahpalmer@gmail.com'),(12,'sherifftruman@outlook.com'),(6,'sj@gmail.com'),(25,'teresabanks@gmail.com'),(25,'teresateresa@yahoo.com');
/*!40000 ALTER TABLE `customer_emails` ENABLE KEYS */;
UNLOCK TABLES;

--
-- Table structure for table `customer_phones`
--

DROP TABLE IF EXISTS `customer_phones`;
/*!40101 SET @saved_cs_client     = @@character_set_client */;
/*!40101 SET character_set_client = utf8 */;
CREATE TABLE `customer_phones` (
  `customer_id` int(10) NOT NULL,
  `phone_num` varchar(20) NOT NULL,
  PRIMARY KEY (`phone_num`,`customer_id`),
  KEY `fk_customer_phones_1` (`customer_id`),
  CONSTRAINT `fk_customer_phones_1` FOREIGN KEY (`customer_id`) REFERENCES `customers` (`nfc_id`) ON DELETE CASCADE ON UPDATE CASCADE
) ENGINE=InnoDB DEFAULT CHARSET=utf8;
/*!40101 SET character_set_client = @saved_cs_client */;

--
-- Dumping data for table `customer_phones`
--

LOCK TABLES `customer_phones` WRITE;
/*!40000 ALTER TABLE `customer_phones` DISABLE KEYS */;
INSERT INTO `customer_phones` VALUES (12,'+1 203-309-4738'),(9,'+1 205-708-6959'),(5,'+1 208-447-7721'),(9,'+1 215-781-4145'),(1,'+1 216-593-1473'),(3,'+1 217-717-2912'),(6,'+1 218-652-9469'),(5,'+1 224-505-4982'),(11,'+1 225-389-0748'),(10,'+1 302-737-6045'),(4,'+1 302-856-7061'),(11,'+1 304-933-6151'),(8,'+1 308-596-1937'),(7,'+1 312-340-8447'),(2,'+1 331-395-8037'),(13,'+1 364-522-9615'),(14,'+1 407-754-2973'),(9,'+1 503-551-5647'),(1,'+1 520-496-1604'),(19,'+1-202-555-0100'),(23,'+1-202-555-0100'),(21,'+1-202-555-0118'),(22,'+1-202-555-0127'),(18,'+1-202-555-0140'),(25,'+1-202-555-0140'),(17,'+1-202-555-0153'),(19,'+1-202-555-0155'),(20,'+1-202-555-0161'),(25,'+1-202-555-0165'),(24,'+1-202-555-0168'),(20,'+1-202-555-0175'),(19,'+1-202-555-0182'),(17,'+1-202-555-0190'),(25,'+1-202-555-0192'),(15,'+30 688 254 8034'),(16,'+30 689 319 1914');
/*!40000 ALTER TABLE `customer_phones` ENABLE KEYS */;
UNLOCK TABLES;

--
-- Table structure for table `customers`
--

DROP TABLE IF EXISTS `customers`;
/*!40101 SET @saved_cs_client     = @@character_set_client */;
/*!40101 SET character_set_client = utf8 */;
CREATE TABLE `customers` (
  `nfc_id` int(10) NOT NULL AUTO_INCREMENT,
  `first_name` varchar(30) NOT NULL,
  `last_name` varchar(30) NOT NULL,
  `gender` enum('M','F','NON_BINARY') NOT NULL,
  `date_of_birth` date NOT NULL,
  `verif_id` varchar(20) NOT NULL,
  `verif_id_type` enum('ID','PASSPORT') NOT NULL,
  `verif_date` date NOT NULL,
  PRIMARY KEY (`nfc_id`),
  UNIQUE KEY `verif_id_UNIQUE` (`verif_id`),
  KEY `customers_birthdate_idx` (`date_of_birth`)
) ENGINE=InnoDB AUTO_INCREMENT=29 DEFAULT CHARSET=utf8;
/*!40101 SET character_set_client = @saved_cs_client */;

--
-- Dumping data for table `customers`
--

LOCK TABLES `customers` WRITE;
/*!40000 ALTER TABLE `customers` DISABLE KEYS */;
INSERT INTO `customers` VALUES (1,'David','Lynch','M','1946-01-20','2056983201','ID','1982-05-09'),(2,'Laura','Palmer ','F','1996-07-22','L2563248','ID','1999-06-24'),(3,'Leland','Palmer ','M','1964-02-26','L8596475','ID','1975-04-28'),(4,'Sarah','Palmer','F','1963-03-03','S5269632','ID','1974-04-08'),(5,'Dale','Cooper','M','1974-04-19','D5863252','ID','1996-05-21'),(6,'Shelly','Johnson','F','1992-05-30','S8896328','ID','2003-07-31'),(7,'Bobby','Briggs','M','1989-03-29','B5684215','ID','2000-02-12'),(8,'Donna','Hayward','F','1992-08-02','D1245896','ID','2003-12-04'),(9,'Jacques','Renault','M','1995-07-10','A8952222','ID','2006-06-12'),(10,'Nadine','Hurley','F','1990-04-03','D5263842','ID','1999-04-06'),(11,'Ronette','Pulaski','F','1995-08-12','AI202114','ID','2006-05-07'),(12,'Harry','Truman','M','1990-02-13','C03004786','PASSPORT','2007-11-02'),(13,'Mark','Fischer','M','1987-11-03','568420','ID','1996-07-17'),(14,'Audrey','Horne','F','1997-08-22','P59462384','PASSPORT','2006-02-03'),(15,'Andy','Brennan','M','1994-12-13','AI424242','ID','2011-05-06'),(16,'Ben','Horne','M','2000-07-15','AT587482','ID','2009-03-01'),(17,'Maddy','Ferguson','F','1996-10-23','MF562430','PASSPORT','2007-06-05'),(18,'Garland','Briggs','M','1985-07-30','P122685410','ID','1993-12-03'),(19,'Hank','Jennings','M','1994-08-15','H62738465','PASSPORT','1999-06-08'),(20,'Leo','Johnson','M','1995-10-07','S1012010','ID','2001-03-05'),(21,'Thomas','Eckhardt','M','1999-07-16','T78901627','ID','2007-03-01'),(22,'Jean-Michel','Renault','M','1995-07-10','J10928722','ID','2006-04-04'),(23,'Lawrence','Jacoby','M','1970-10-01','L58642612','PASSPORT','1980-01-03'),(24,'Margaret','Lanterman','F','1969-03-05','I58594739','ID','1976-06-10'),(25,'Teresa','Banks','F','1989-07-21','T72819766','ID','1996-07-12');
/*!40000 ALTER TABLE `customers` ENABLE KEYS */;
UNLOCK TABLES;

--
-- Temporary table structure for view `customers_age`
--

DROP TABLE IF EXISTS `customers_age`;
/*!50001 DROP VIEW IF EXISTS `customers_age`*/;
SET @saved_cs_client     = @@character_set_client;
SET character_set_client = utf8;
/*!50001 CREATE TABLE `customers_age` (
  `NFC_ID` tinyint NOT NULL,
  `First Name` tinyint NOT NULL,
  `Last Name` tinyint NOT NULL,
  `Age` tinyint NOT NULL
) ENGINE=MyISAM */;
SET character_set_client = @saved_cs_client;

--
-- Table structure for table `enroll_in`
--

DROP TABLE IF EXISTS `enroll_in`;
/*!40101 SET @saved_cs_client     = @@character_set_client */;
/*!40101 SET character_set_client = utf8 */;
CREATE TABLE `enroll_in` (
  `customer_id` int(10) NOT NULL,
  `service_id` int(10) NOT NULL,
  `enroll_date_time` datetime NOT NULL,
  PRIMARY KEY (`customer_id`,`service_id`),
  KEY `fk_enroll_in_2_idx` (`service_id`),
  CONSTRAINT `fk_enroll_in_1` FOREIGN KEY (`customer_id`) REFERENCES `customers` (`nfc_id`) ON DELETE CASCADE ON UPDATE CASCADE,
  CONSTRAINT `fk_enroll_in_2` FOREIGN KEY (`service_id`) REFERENCES `register_services` (`service_id`) ON DELETE CASCADE ON UPDATE CASCADE
) ENGINE=InnoDB DEFAULT CHARSET=utf8;
/*!40101 SET character_set_client = @saved_cs_client */;

--
-- Dumping data for table `enroll_in`
--

LOCK TABLES `enroll_in` WRITE;
/*!40000 ALTER TABLE `enroll_in` DISABLE KEYS */;
INSERT INTO `enroll_in` VALUES (1,2,'2021-05-03 12:00:00'),(1,7,'2021-06-07 17:49:10'),(2,2,'2021-05-03 12:01:00'),(2,5,'2021-05-13 16:05:13'),(2,6,'2021-05-13 16:05:13'),(3,2,'2021-05-03 12:02:00'),(3,6,'2021-05-20 14:59:24'),(3,7,'2021-05-20 14:59:24'),(4,2,'2021-05-03 12:03:00'),(4,5,'2021-05-12 23:40:55'),(4,6,'2021-05-13 23:37:35'),(4,7,'2021-05-13 23:54:15'),(5,2,'2021-05-03 12:04:00'),(5,5,'2021-06-07 20:49:20'),(5,6,'2021-06-08 20:46:00'),(5,7,'2021-06-08 21:02:40'),(6,2,'2021-05-03 12:05:00'),(6,5,'2021-05-17 18:06:12'),(6,7,'2021-05-17 18:06:12'),(7,2,'2021-05-03 12:06:00'),(7,5,'2021-05-11 11:23:42'),(7,7,'2021-05-11 11:23:42'),(8,2,'2021-05-03 12:07:00'),(8,5,'2021-06-08 13:59:48'),(8,7,'2021-06-08 13:59:48'),(9,2,'2021-05-03 12:08:00'),(9,5,'2021-05-26 19:23:39'),(9,6,'2021-05-27 19:20:19'),(9,7,'2021-05-27 19:36:59'),(10,2,'2021-05-03 12:09:00'),(10,5,'2021-05-08 13:22:35'),(10,6,'2021-05-09 13:19:15'),(10,7,'2021-05-09 13:35:55'),(11,2,'2021-05-03 12:10:00'),(11,5,'2021-06-03 10:01:50'),(11,6,'2021-06-04 09:58:30'),(11,7,'2021-06-04 10:15:10'),(12,2,'2021-05-03 12:11:00'),(12,6,'2021-05-25 01:06:20'),(13,2,'2021-05-03 12:12:00'),(13,5,'2021-05-24 03:51:15'),(13,6,'2021-05-24 03:51:15'),(14,2,'2021-05-03 12:13:00'),(14,5,'2021-05-31 11:23:41'),(14,6,'2021-06-01 11:20:21'),(14,7,'2021-06-01 11:37:01'),(15,2,'2021-05-03 12:14:00'),(15,5,'2021-05-23 21:16:49'),(15,6,'2021-05-24 21:13:29'),(15,7,'2021-05-24 21:30:09'),(16,2,'2021-05-03 12:15:00'),(16,5,'2021-05-04 10:01:52'),(17,2,'2021-05-03 12:16:00'),(17,7,'2021-05-05 08:59:54'),(18,2,'2021-05-03 12:17:00'),(18,6,'2021-05-18 12:53:03'),(19,2,'2021-05-03 12:18:00'),(19,5,'2021-05-24 01:32:57'),(19,6,'2021-05-25 01:29:37'),(19,7,'2021-05-25 01:46:17'),(20,2,'2021-05-03 12:19:00'),(20,5,'2021-05-12 08:03:00'),(20,7,'2021-05-12 08:03:00'),(21,2,'2021-05-03 12:20:00'),(21,5,'2021-05-28 09:22:26'),(21,6,'2021-05-28 09:22:26'),(22,2,'2021-05-03 12:21:00'),(22,6,'2021-05-31 03:25:33'),(22,7,'2021-05-31 03:25:33'),(23,2,'2021-05-03 12:22:00'),(23,5,'2021-05-17 12:47:08'),(23,6,'2021-05-18 12:43:48'),(23,7,'2021-05-18 13:00:28'),(24,2,'2021-05-03 12:23:00'),(24,6,'2021-05-28 07:38:05'),(24,7,'2021-05-28 07:38:05'),(25,2,'2021-05-03 12:24:00'),(25,7,'2021-05-20 11:45:00');
/*!40000 ALTER TABLE `enroll_in` ENABLE KEYS */;
UNLOCK TABLES;
/*!50003 SET @saved_cs_client      = @@character_set_client */ ;
/*!50003 SET @saved_cs_results     = @@character_set_results */ ;
/*!50003 SET @saved_col_connection = @@collation_connection */ ;
/*!50003 SET character_set_client  = utf8mb4 */ ;
/*!50003 SET character_set_results = utf8mb4 */ ;
/*!50003 SET collation_connection  = utf8mb4_general_ci */ ;
/*!50003 SET @saved_sql_mode       = @@sql_mode */ ;
/*!50003 SET sql_mode              = 'STRICT_TRANS_TABLES,ERROR_FOR_DIVISION_BY_ZERO,NO_AUTO_CREATE_USER,NO_ENGINE_SUBSTITUTION' */ ;
DELIMITER ;;
/*!50003 CREATE*/ /*!50017 DEFINER=`root`@`localhost`*/ /*!50003 TRIGGER `asdf_db`.`enroll_in_AFTER_INSERT`
AFTER INSERT ON `asdf_db`.`enroll_in`
FOR EACH ROW
BEGIN
	-- new service enrolled
	INSERT INTO have_access (customer_id, place_id, start_date_time, end_date_time)
		SELECT NEW.customer_id, p.place_id, NEW.enroll_date_time, NULL
        FROM places p
        WHERE p.offered_service_id = NEW.service_id AND NEW.service_id <> 2;
        
	-- reception
	INSERT INTO have_access (customer_id, place_id, start_date_time, end_date_time)
		SELECT NEW.customer_id, 26, NEW.enroll_date_time, NULL
        WHERE NEW.service_id = 2;
        
	-- elevators
	INSERT INTO have_access (customer_id, place_id, start_date_time, end_date_time)
		SELECT NEW.customer_id, 11, NEW.enroll_date_time, NULL
        WHERE NEW.service_id = 2;
        
	INSERT INTO have_access (customer_id, place_id, start_date_time, end_date_time)
		SELECT NEW.customer_id, 12, NEW.enroll_date_time, NULL
        WHERE NEW.service_id = 2;
        
	INSERT INTO have_access (customer_id, place_id, start_date_time, end_date_time)
		SELECT NEW.customer_id, 13, NEW.enroll_date_time, NULL
        WHERE NEW.service_id = 2;
        
	INSERT INTO have_access (customer_id, place_id, start_date_time, end_date_time)
		SELECT NEW.customer_id, 14, NEW.enroll_date_time, NULL
        WHERE NEW.service_id = 2;
        
	INSERT INTO have_access (customer_id, place_id, start_date_time, end_date_time)
		SELECT NEW.customer_id, 15, NEW.enroll_date_time, NULL
        WHERE NEW.service_id = 2;
        
	-- bars
    INSERT INTO have_access (customer_id, place_id, start_date_time, end_date_time)
		SELECT NEW.customer_id, p.place_id, NEW.enroll_date_time, NULL
        FROM places p
        WHERE p.offered_service_id = 3 AND NEW.service_id = 2;
        
	-- restaurants
    INSERT INTO have_access (customer_id, place_id, start_date_time, end_date_time)
		SELECT NEW.customer_id, p.place_id, NEW.enroll_date_time, NULL
        FROM places p
        WHERE p.offered_service_id = 4 AND NEW.service_id = 2;
        
	-- hair salon
    INSERT INTO have_access (customer_id, place_id, start_date_time, end_date_time)
		SELECT NEW.customer_id, p.place_id, NEW.enroll_date_time, NULL
        FROM places p
        WHERE p.offered_service_id = 8 AND NEW.service_id = 2;
	
END */;;
DELIMITER ;
/*!50003 SET sql_mode              = @saved_sql_mode */ ;
/*!50003 SET character_set_client  = @saved_cs_client */ ;
/*!50003 SET character_set_results = @saved_cs_results */ ;
/*!50003 SET collation_connection  = @saved_col_connection */ ;
/*!50003 SET @saved_cs_client      = @@character_set_client */ ;
/*!50003 SET @saved_cs_results     = @@character_set_results */ ;
/*!50003 SET @saved_col_connection = @@collation_connection */ ;
/*!50003 SET character_set_client  = utf8mb4 */ ;
/*!50003 SET character_set_results = utf8mb4 */ ;
/*!50003 SET collation_connection  = utf8mb4_general_ci */ ;
/*!50003 SET @saved_sql_mode       = @@sql_mode */ ;
/*!50003 SET sql_mode              = 'STRICT_TRANS_TABLES,ERROR_FOR_DIVISION_BY_ZERO,NO_AUTO_CREATE_USER,NO_ENGINE_SUBSTITUTION' */ ;
DELIMITER ;;
/*!50003 CREATE*/ /*!50017 DEFINER=`root`@`localhost`*/ /*!50003 TRIGGER `asdf_db`.`enroll_in_AFTER_DELETE`
AFTER DELETE ON `asdf_db`.`enroll_in`
FOR EACH ROW
BEGIN
	UPDATE use_charge_log
    SET paid = 1
    WHERE OLD.customer_id = customer_id; 
    
    DELETE FROM have_access
    WHERE customer_id = OLD.customer_id;
END */;;
DELIMITER ;
/*!50003 SET sql_mode              = @saved_sql_mode */ ;
/*!50003 SET character_set_client  = @saved_cs_client */ ;
/*!50003 SET character_set_results = @saved_cs_results */ ;
/*!50003 SET collation_connection  = @saved_col_connection */ ;

--
-- Table structure for table `have_access`
--

DROP TABLE IF EXISTS `have_access`;
/*!40101 SET @saved_cs_client     = @@character_set_client */;
/*!40101 SET character_set_client = utf8 */;
CREATE TABLE `have_access` (
  `customer_id` int(10) NOT NULL,
  `place_id` int(10) NOT NULL,
  `start_date_time` datetime NOT NULL,
  `end_date_time` datetime DEFAULT NULL,
  PRIMARY KEY (`customer_id`,`place_id`),
  KEY `fk_have_access_2_idx` (`place_id`),
  CONSTRAINT `fk_have_access_1` FOREIGN KEY (`customer_id`) REFERENCES `customers` (`nfc_id`) ON DELETE CASCADE ON UPDATE CASCADE,
  CONSTRAINT `fk_have_access_2` FOREIGN KEY (`place_id`) REFERENCES `places` (`place_id`) ON DELETE CASCADE ON UPDATE CASCADE
) ENGINE=InnoDB DEFAULT CHARSET=utf8;
/*!40101 SET character_set_client = @saved_cs_client */;

--
-- Dumping data for table `have_access`
--

LOCK TABLES `have_access` WRITE;
/*!40000 ALTER TABLE `have_access` DISABLE KEYS */;
INSERT INTO `have_access` VALUES (1,11,'2021-05-03 12:00:00',NULL),(1,12,'2021-05-03 12:00:00',NULL),(1,13,'2021-05-03 12:00:00',NULL),(1,14,'2021-05-03 12:00:00',NULL),(1,15,'2021-05-03 12:00:00',NULL),(1,16,'2021-05-03 12:00:00',NULL),(1,17,'2021-05-03 12:00:00',NULL),(1,18,'2021-05-03 12:00:00',NULL),(1,19,'2021-05-03 12:00:00',NULL),(1,20,'2021-05-03 12:00:00',NULL),(1,21,'2021-05-03 12:00:00',NULL),(1,22,'2021-05-03 12:00:00',NULL),(1,23,'2021-05-03 12:00:00',NULL),(1,24,'2021-05-03 12:00:00',NULL),(1,25,'2021-05-03 12:00:00',NULL),(1,26,'2021-05-03 12:00:00',NULL),(1,41,'2021-06-07 17:49:10',NULL),(1,42,'2021-06-07 17:49:10',NULL),(1,43,'2021-06-07 17:49:10',NULL),(1,44,'2021-06-07 17:49:10',NULL),(1,45,'2021-06-07 17:49:10',NULL),(1,46,'2021-06-07 17:49:10',NULL),(1,47,'2021-06-07 17:49:10',NULL),(1,48,'2021-06-07 17:49:10',NULL),(1,49,'2021-06-07 17:49:10',NULL),(1,50,'2021-06-07 17:49:10',NULL),(1,51,'2021-05-03 12:00:00',NULL),(1,54,'2021-05-03 12:00:00','2021-06-20 10:00:00'),(2,11,'2021-05-03 12:01:00',NULL),(2,12,'2021-05-03 12:01:00',NULL),(2,13,'2021-05-03 12:01:00',NULL),(2,14,'2021-05-03 12:01:00',NULL),(2,15,'2021-05-03 12:01:00',NULL),(2,16,'2021-05-03 12:01:00',NULL),(2,17,'2021-05-03 12:01:00',NULL),(2,18,'2021-05-03 12:01:00',NULL),(2,19,'2021-05-03 12:01:00',NULL),(2,20,'2021-05-03 12:01:00',NULL),(2,21,'2021-05-03 12:01:00',NULL),(2,22,'2021-05-03 12:01:00',NULL),(2,23,'2021-05-03 12:01:00',NULL),(2,24,'2021-05-03 12:01:00',NULL),(2,25,'2021-05-03 12:01:00',NULL),(2,26,'2021-05-03 12:01:00',NULL),(2,27,'2021-05-13 16:05:13',NULL),(2,28,'2021-05-13 16:05:13',NULL),(2,29,'2021-05-13 16:05:13',NULL),(2,30,'2021-05-13 16:05:13',NULL),(2,31,'2021-05-13 16:05:13',NULL),(2,32,'2021-05-13 16:05:13',NULL),(2,33,'2021-05-13 16:05:13',NULL),(2,34,'2021-05-13 16:05:13',NULL),(2,35,'2021-05-13 16:05:13',NULL),(2,36,'2021-05-13 16:05:13',NULL),(2,37,'2021-05-13 16:05:13',NULL),(2,38,'2021-05-13 16:05:13',NULL),(2,39,'2021-05-13 16:05:13',NULL),(2,40,'2021-05-13 16:05:13',NULL),(2,51,'2021-05-03 12:01:00',NULL),(2,94,'2021-05-03 12:01:00','2021-06-19 10:00:00'),(3,11,'2021-05-03 12:02:00',NULL),(3,12,'2021-05-03 12:02:00',NULL),(3,13,'2021-05-03 12:02:00',NULL),(3,14,'2021-05-03 12:02:00',NULL),(3,15,'2021-05-03 12:02:00',NULL),(3,16,'2021-05-03 12:02:00',NULL),(3,17,'2021-05-03 12:02:00',NULL),(3,18,'2021-05-03 12:02:00',NULL),(3,19,'2021-05-03 12:02:00',NULL),(3,20,'2021-05-03 12:02:00',NULL),(3,21,'2021-05-03 12:02:00',NULL),(3,22,'2021-05-03 12:02:00',NULL),(3,23,'2021-05-03 12:02:00',NULL),(3,24,'2021-05-03 12:02:00',NULL),(3,25,'2021-05-03 12:02:00',NULL),(3,26,'2021-05-03 12:02:00',NULL),(3,37,'2021-05-20 14:59:24',NULL),(3,38,'2021-05-20 14:59:24',NULL),(3,39,'2021-05-20 14:59:24',NULL),(3,40,'2021-05-20 14:59:24',NULL),(3,41,'2021-05-20 14:59:24',NULL),(3,42,'2021-05-20 14:59:24',NULL),(3,43,'2021-05-20 14:59:24',NULL),(3,44,'2021-05-20 14:59:24',NULL),(3,45,'2021-05-20 14:59:24',NULL),(3,46,'2021-05-20 14:59:24',NULL),(3,47,'2021-05-20 14:59:24',NULL),(3,48,'2021-05-20 14:59:24',NULL),(3,49,'2021-05-20 14:59:24',NULL),(3,50,'2021-05-20 14:59:24',NULL),(3,51,'2021-05-03 12:02:00',NULL),(3,94,'2021-05-03 12:02:00','2021-06-19 10:00:00'),(4,11,'2021-05-03 12:03:00',NULL),(4,12,'2021-05-03 12:03:00',NULL),(4,13,'2021-05-03 12:03:00',NULL),(4,14,'2021-05-03 12:03:00',NULL),(4,15,'2021-05-03 12:03:00',NULL),(4,16,'2021-05-03 12:03:00',NULL),(4,17,'2021-05-03 12:03:00',NULL),(4,18,'2021-05-03 12:03:00',NULL),(4,19,'2021-05-03 12:03:00',NULL),(4,20,'2021-05-03 12:03:00',NULL),(4,21,'2021-05-03 12:03:00',NULL),(4,22,'2021-05-03 12:03:00',NULL),(4,23,'2021-05-03 12:03:00',NULL),(4,24,'2021-05-03 12:03:00',NULL),(4,25,'2021-05-03 12:03:00',NULL),(4,26,'2021-05-03 12:03:00',NULL),(4,27,'2021-05-12 23:40:55',NULL),(4,28,'2021-05-12 23:40:55',NULL),(4,29,'2021-05-12 23:40:55',NULL),(4,30,'2021-05-12 23:40:55',NULL),(4,31,'2021-05-12 23:40:55',NULL),(4,32,'2021-05-12 23:40:55',NULL),(4,33,'2021-05-12 23:40:55',NULL),(4,34,'2021-05-12 23:40:55',NULL),(4,35,'2021-05-12 23:40:55',NULL),(4,36,'2021-05-12 23:40:55',NULL),(4,37,'2021-05-13 23:37:35',NULL),(4,38,'2021-05-13 23:37:35',NULL),(4,39,'2021-05-13 23:37:35',NULL),(4,40,'2021-05-13 23:37:35',NULL),(4,41,'2021-05-13 23:54:15',NULL),(4,42,'2021-05-13 23:54:15',NULL),(4,43,'2021-05-13 23:54:15',NULL),(4,44,'2021-05-13 23:54:15',NULL),(4,45,'2021-05-13 23:54:15',NULL),(4,46,'2021-05-13 23:54:15',NULL),(4,47,'2021-05-13 23:54:15',NULL),(4,48,'2021-05-13 23:54:15',NULL),(4,49,'2021-05-13 23:54:15',NULL),(4,50,'2021-05-13 23:54:15',NULL),(4,51,'2021-05-03 12:03:00',NULL),(4,94,'2021-05-03 12:03:00','2021-06-19 10:00:00'),(5,11,'2021-05-03 12:04:00',NULL),(5,12,'2021-05-03 12:04:00',NULL),(5,13,'2021-05-03 12:04:00',NULL),(5,14,'2021-05-03 12:04:00',NULL),(5,15,'2021-05-03 12:04:00',NULL),(5,16,'2021-05-03 12:04:00',NULL),(5,17,'2021-05-03 12:04:00',NULL),(5,18,'2021-05-03 12:04:00',NULL),(5,19,'2021-05-03 12:04:00',NULL),(5,20,'2021-05-03 12:04:00',NULL),(5,21,'2021-05-03 12:04:00',NULL),(5,22,'2021-05-03 12:04:00',NULL),(5,23,'2021-05-03 12:04:00',NULL),(5,24,'2021-05-03 12:04:00',NULL),(5,25,'2021-05-03 12:04:00',NULL),(5,26,'2021-05-03 12:04:00',NULL),(5,27,'2021-06-07 20:49:20',NULL),(5,28,'2021-06-07 20:49:20',NULL),(5,29,'2021-06-07 20:49:20',NULL),(5,30,'2021-06-07 20:49:20',NULL),(5,31,'2021-06-07 20:49:20',NULL),(5,32,'2021-06-07 20:49:20',NULL),(5,33,'2021-06-07 20:49:20',NULL),(5,34,'2021-06-07 20:49:20',NULL),(5,35,'2021-06-07 20:49:20',NULL),(5,36,'2021-06-07 20:49:20',NULL),(5,37,'2021-06-08 20:46:00',NULL),(5,38,'2021-06-08 20:46:00',NULL),(5,39,'2021-06-08 20:46:00',NULL),(5,40,'2021-06-08 20:46:00',NULL),(5,41,'2021-06-08 21:02:40',NULL),(5,42,'2021-06-08 21:02:40',NULL),(5,43,'2021-06-08 21:02:40',NULL),(5,44,'2021-06-08 21:02:40',NULL),(5,45,'2021-06-08 21:02:40',NULL),(5,46,'2021-06-08 21:02:40',NULL),(5,47,'2021-06-08 21:02:40',NULL),(5,48,'2021-06-08 21:02:40',NULL),(5,49,'2021-06-08 21:02:40',NULL),(5,50,'2021-06-08 21:02:40',NULL),(5,51,'2021-05-03 12:04:00',NULL),(5,66,'2021-05-03 12:04:00','2021-06-18 10:00:00'),(6,11,'2021-05-03 12:05:00',NULL),(6,12,'2021-05-03 12:05:00',NULL),(6,13,'2021-05-03 12:05:00',NULL),(6,14,'2021-05-03 12:05:00',NULL),(6,15,'2021-05-03 12:05:00',NULL),(6,16,'2021-05-03 12:05:00',NULL),(6,17,'2021-05-03 12:05:00',NULL),(6,18,'2021-05-03 12:05:00',NULL),(6,19,'2021-05-03 12:05:00',NULL),(6,20,'2021-05-03 12:05:00',NULL),(6,21,'2021-05-03 12:05:00',NULL),(6,22,'2021-05-03 12:05:00',NULL),(6,23,'2021-05-03 12:05:00',NULL),(6,24,'2021-05-03 12:05:00',NULL),(6,25,'2021-05-03 12:05:00',NULL),(6,26,'2021-05-03 12:05:00',NULL),(6,27,'2021-05-17 18:06:12',NULL),(6,28,'2021-05-17 18:06:12',NULL),(6,29,'2021-05-17 18:06:12',NULL),(6,30,'2021-05-17 18:06:12',NULL),(6,31,'2021-05-17 18:06:12',NULL),(6,32,'2021-05-17 18:06:12',NULL),(6,33,'2021-05-17 18:06:12',NULL),(6,34,'2021-05-17 18:06:12',NULL),(6,35,'2021-05-17 18:06:12',NULL),(6,36,'2021-05-17 18:06:12',NULL),(6,41,'2021-05-17 18:06:12',NULL),(6,42,'2021-05-17 18:06:12',NULL),(6,43,'2021-05-17 18:06:12',NULL),(6,44,'2021-05-17 18:06:12',NULL),(6,45,'2021-05-17 18:06:12',NULL),(6,46,'2021-05-17 18:06:12',NULL),(6,47,'2021-05-17 18:06:12',NULL),(6,48,'2021-05-17 18:06:12',NULL),(6,49,'2021-05-17 18:06:12',NULL),(6,50,'2021-05-17 18:06:12',NULL),(6,51,'2021-05-03 12:05:00',NULL),(6,157,'2021-05-03 12:05:00','2021-06-20 10:00:00'),(7,11,'2021-05-03 12:06:00',NULL),(7,12,'2021-05-03 12:06:00',NULL),(7,13,'2021-05-03 12:06:00',NULL),(7,14,'2021-05-03 12:06:00',NULL),(7,15,'2021-05-03 12:06:00',NULL),(7,16,'2021-05-03 12:06:00',NULL),(7,17,'2021-05-03 12:06:00',NULL),(7,18,'2021-05-03 12:06:00',NULL),(7,19,'2021-05-03 12:06:00',NULL),(7,20,'2021-05-03 12:06:00',NULL),(7,21,'2021-05-03 12:06:00',NULL),(7,22,'2021-05-03 12:06:00',NULL),(7,23,'2021-05-03 12:06:00',NULL),(7,24,'2021-05-03 12:06:00',NULL),(7,25,'2021-05-03 12:06:00',NULL),(7,26,'2021-05-03 12:06:00',NULL),(7,27,'2021-05-11 11:23:42',NULL),(7,28,'2021-05-11 11:23:42',NULL),(7,29,'2021-05-11 11:23:42',NULL),(7,30,'2021-05-11 11:23:42',NULL),(7,31,'2021-05-11 11:23:42',NULL),(7,32,'2021-05-11 11:23:42',NULL),(7,33,'2021-05-11 11:23:42',NULL),(7,34,'2021-05-11 11:23:42',NULL),(7,35,'2021-05-11 11:23:42',NULL),(7,36,'2021-05-11 11:23:42',NULL),(7,41,'2021-05-11 11:23:42',NULL),(7,42,'2021-05-11 11:23:42',NULL),(7,43,'2021-05-11 11:23:42',NULL),(7,44,'2021-05-11 11:23:42',NULL),(7,45,'2021-05-11 11:23:42',NULL),(7,46,'2021-05-11 11:23:42',NULL),(7,47,'2021-05-11 11:23:42',NULL),(7,48,'2021-05-11 11:23:42',NULL),(7,49,'2021-05-11 11:23:42',NULL),(7,50,'2021-05-11 11:23:42',NULL),(7,51,'2021-05-03 12:06:00',NULL),(7,157,'2021-05-03 12:06:00','2021-06-20 10:00:00'),(8,11,'2021-05-03 12:07:00',NULL),(8,12,'2021-05-03 12:07:00',NULL),(8,13,'2021-05-03 12:07:00',NULL),(8,14,'2021-05-03 12:07:00',NULL),(8,15,'2021-05-03 12:07:00',NULL),(8,16,'2021-05-03 12:07:00',NULL),(8,17,'2021-05-03 12:07:00',NULL),(8,18,'2021-05-03 12:07:00',NULL),(8,19,'2021-05-03 12:07:00',NULL),(8,20,'2021-05-03 12:07:00',NULL),(8,21,'2021-05-03 12:07:00',NULL),(8,22,'2021-05-03 12:07:00',NULL),(8,23,'2021-05-03 12:07:00',NULL),(8,24,'2021-05-03 12:07:00',NULL),(8,25,'2021-05-03 12:07:00',NULL),(8,26,'2021-05-03 12:07:00',NULL),(8,27,'2021-06-08 13:59:48',NULL),(8,28,'2021-06-08 13:59:48',NULL),(8,29,'2021-06-08 13:59:48',NULL),(8,30,'2021-06-08 13:59:48',NULL),(8,31,'2021-06-08 13:59:48',NULL),(8,32,'2021-06-08 13:59:48',NULL),(8,33,'2021-06-08 13:59:48',NULL),(8,34,'2021-06-08 13:59:48',NULL),(8,35,'2021-06-08 13:59:48',NULL),(8,36,'2021-06-08 13:59:48',NULL),(8,41,'2021-06-08 13:59:48',NULL),(8,42,'2021-06-08 13:59:48',NULL),(8,43,'2021-06-08 13:59:48',NULL),(8,44,'2021-06-08 13:59:48',NULL),(8,45,'2021-06-08 13:59:48',NULL),(8,46,'2021-06-08 13:59:48',NULL),(8,47,'2021-06-08 13:59:48',NULL),(8,48,'2021-06-08 13:59:48',NULL),(8,49,'2021-06-08 13:59:48',NULL),(8,50,'2021-06-08 13:59:48',NULL),(8,51,'2021-05-03 12:07:00',NULL),(8,144,'2021-05-03 12:07:00','2021-06-18 10:00:00'),(9,11,'2021-05-03 12:08:00',NULL),(9,12,'2021-05-03 12:08:00',NULL),(9,13,'2021-05-03 12:08:00',NULL),(9,14,'2021-05-03 12:08:00',NULL),(9,15,'2021-05-03 12:08:00',NULL),(9,16,'2021-05-03 12:08:00',NULL),(9,17,'2021-05-03 12:08:00',NULL),(9,18,'2021-05-03 12:08:00',NULL),(9,19,'2021-05-03 12:08:00',NULL),(9,20,'2021-05-03 12:08:00',NULL),(9,21,'2021-05-03 12:08:00',NULL),(9,22,'2021-05-03 12:08:00',NULL),(9,23,'2021-05-03 12:08:00',NULL),(9,24,'2021-05-03 12:08:00',NULL),(9,25,'2021-05-03 12:08:00',NULL),(9,26,'2021-05-03 12:08:00',NULL),(9,27,'2021-05-26 19:23:39',NULL),(9,28,'2021-05-26 19:23:39',NULL),(9,29,'2021-05-26 19:23:39',NULL),(9,30,'2021-05-26 19:23:39',NULL),(9,31,'2021-05-26 19:23:39',NULL),(9,32,'2021-05-26 19:23:39',NULL),(9,33,'2021-05-26 19:23:39',NULL),(9,34,'2021-05-26 19:23:39',NULL),(9,35,'2021-05-26 19:23:39',NULL),(9,36,'2021-05-26 19:23:39',NULL),(9,37,'2021-05-27 19:20:19',NULL),(9,38,'2021-05-27 19:20:19',NULL),(9,39,'2021-05-27 19:20:19',NULL),(9,40,'2021-05-27 19:20:19',NULL),(9,41,'2021-05-27 19:36:59',NULL),(9,42,'2021-05-27 19:36:59',NULL),(9,43,'2021-05-27 19:36:59',NULL),(9,44,'2021-05-27 19:36:59',NULL),(9,45,'2021-05-27 19:36:59',NULL),(9,46,'2021-05-27 19:36:59',NULL),(9,47,'2021-05-27 19:36:59',NULL),(9,48,'2021-05-27 19:36:59',NULL),(9,49,'2021-05-27 19:36:59',NULL),(9,50,'2021-05-27 19:36:59',NULL),(9,51,'2021-05-03 12:08:00',NULL),(9,52,'2021-05-03 12:08:00','2021-06-18 10:00:00'),(10,11,'2021-05-03 12:09:00',NULL),(10,12,'2021-05-03 12:09:00',NULL),(10,13,'2021-05-03 12:09:00',NULL),(10,14,'2021-05-03 12:09:00',NULL),(10,15,'2021-05-03 12:09:00',NULL),(10,16,'2021-05-03 12:09:00',NULL),(10,17,'2021-05-03 12:09:00',NULL),(10,18,'2021-05-03 12:09:00',NULL),(10,19,'2021-05-03 12:09:00',NULL),(10,20,'2021-05-03 12:09:00',NULL),(10,21,'2021-05-03 12:09:00',NULL),(10,22,'2021-05-03 12:09:00',NULL),(10,23,'2021-05-03 12:09:00',NULL),(10,24,'2021-05-03 12:09:00',NULL),(10,25,'2021-05-03 12:09:00',NULL),(10,26,'2021-05-03 12:09:00',NULL),(10,27,'2021-05-08 13:22:35',NULL),(10,28,'2021-05-08 13:22:35',NULL),(10,29,'2021-05-08 13:22:35',NULL),(10,30,'2021-05-08 13:22:35',NULL),(10,31,'2021-05-08 13:22:35',NULL),(10,32,'2021-05-08 13:22:35',NULL),(10,33,'2021-05-08 13:22:35',NULL),(10,34,'2021-05-08 13:22:35',NULL),(10,35,'2021-05-08 13:22:35',NULL),(10,36,'2021-05-08 13:22:35',NULL),(10,37,'2021-05-09 13:19:15',NULL),(10,38,'2021-05-09 13:19:15',NULL),(10,39,'2021-05-09 13:19:15',NULL),(10,40,'2021-05-09 13:19:15',NULL),(10,41,'2021-05-09 13:35:55',NULL),(10,42,'2021-05-09 13:35:55',NULL),(10,43,'2021-05-09 13:35:55',NULL),(10,44,'2021-05-09 13:35:55',NULL),(10,45,'2021-05-09 13:35:55',NULL),(10,46,'2021-05-09 13:35:55',NULL),(10,47,'2021-05-09 13:35:55',NULL),(10,48,'2021-05-09 13:35:55',NULL),(10,49,'2021-05-09 13:35:55',NULL),(10,50,'2021-05-09 13:35:55',NULL),(10,51,'2021-05-03 12:09:00',NULL),(10,71,'2021-05-03 12:09:00','2021-06-19 10:00:00'),(11,11,'2021-05-03 12:10:00',NULL),(11,12,'2021-05-03 12:10:00',NULL),(11,13,'2021-05-03 12:10:00',NULL),(11,14,'2021-05-03 12:10:00',NULL),(11,15,'2021-05-03 12:10:00',NULL),(11,16,'2021-05-03 12:10:00',NULL),(11,17,'2021-05-03 12:10:00',NULL),(11,18,'2021-05-03 12:10:00',NULL),(11,19,'2021-05-03 12:10:00',NULL),(11,20,'2021-05-03 12:10:00',NULL),(11,21,'2021-05-03 12:10:00',NULL),(11,22,'2021-05-03 12:10:00',NULL),(11,23,'2021-05-03 12:10:00',NULL),(11,24,'2021-05-03 12:10:00',NULL),(11,25,'2021-05-03 12:10:00',NULL),(11,26,'2021-05-03 12:10:00',NULL),(11,27,'2021-06-03 10:01:50',NULL),(11,28,'2021-06-03 10:01:50',NULL),(11,29,'2021-06-03 10:01:50',NULL),(11,30,'2021-06-03 10:01:50',NULL),(11,31,'2021-06-03 10:01:50',NULL),(11,32,'2021-06-03 10:01:50',NULL),(11,33,'2021-06-03 10:01:50',NULL),(11,34,'2021-06-03 10:01:50',NULL),(11,35,'2021-06-03 10:01:50',NULL),(11,36,'2021-06-03 10:01:50',NULL),(11,37,'2021-06-04 09:58:30',NULL),(11,38,'2021-06-04 09:58:30',NULL),(11,39,'2021-06-04 09:58:30',NULL),(11,40,'2021-06-04 09:58:30',NULL),(11,41,'2021-06-04 10:15:10',NULL),(11,42,'2021-06-04 10:15:10',NULL),(11,43,'2021-06-04 10:15:10',NULL),(11,44,'2021-06-04 10:15:10',NULL),(11,45,'2021-06-04 10:15:10',NULL),(11,46,'2021-06-04 10:15:10',NULL),(11,47,'2021-06-04 10:15:10',NULL),(11,48,'2021-06-04 10:15:10',NULL),(11,49,'2021-06-04 10:15:10',NULL),(11,50,'2021-06-04 10:15:10',NULL),(11,51,'2021-05-03 12:10:00',NULL),(11,304,'2021-05-03 12:10:00','2021-06-18 10:00:00'),(12,11,'2021-05-03 12:11:00',NULL),(12,12,'2021-05-03 12:11:00',NULL),(12,13,'2021-05-03 12:11:00',NULL),(12,14,'2021-05-03 12:11:00',NULL),(12,15,'2021-05-03 12:11:00',NULL),(12,16,'2021-05-03 12:11:00',NULL),(12,17,'2021-05-03 12:11:00',NULL),(12,18,'2021-05-03 12:11:00',NULL),(12,19,'2021-05-03 12:11:00',NULL),(12,20,'2021-05-03 12:11:00',NULL),(12,21,'2021-05-03 12:11:00',NULL),(12,22,'2021-05-03 12:11:00',NULL),(12,23,'2021-05-03 12:11:00',NULL),(12,24,'2021-05-03 12:11:00',NULL),(12,25,'2021-05-03 12:11:00',NULL),(12,26,'2021-05-03 12:11:00',NULL),(12,37,'2021-05-25 01:06:20',NULL),(12,38,'2021-05-25 01:06:20',NULL),(12,39,'2021-05-25 01:06:20',NULL),(12,40,'2021-05-25 01:06:20',NULL),(12,51,'2021-05-03 12:11:00',NULL),(12,305,'2021-05-03 12:11:00','2021-06-20 10:00:00'),(13,11,'2021-05-03 12:12:00',NULL),(13,12,'2021-05-03 12:12:00',NULL),(13,13,'2021-05-03 12:12:00',NULL),(13,14,'2021-05-03 12:12:00',NULL),(13,15,'2021-05-03 12:12:00',NULL),(13,16,'2021-05-03 12:12:00',NULL),(13,17,'2021-05-03 12:12:00',NULL),(13,18,'2021-05-03 12:12:00',NULL),(13,19,'2021-05-03 12:12:00',NULL),(13,20,'2021-05-03 12:12:00',NULL),(13,21,'2021-05-03 12:12:00',NULL),(13,22,'2021-05-03 12:12:00',NULL),(13,23,'2021-05-03 12:12:00',NULL),(13,24,'2021-05-03 12:12:00',NULL),(13,25,'2021-05-03 12:12:00',NULL),(13,26,'2021-05-03 12:12:00',NULL),(13,27,'2021-05-24 03:51:15',NULL),(13,28,'2021-05-24 03:51:15',NULL),(13,29,'2021-05-24 03:51:15',NULL),(13,30,'2021-05-24 03:51:15',NULL),(13,31,'2021-05-24 03:51:15',NULL),(13,32,'2021-05-24 03:51:15',NULL),(13,33,'2021-05-24 03:51:15',NULL),(13,34,'2021-05-24 03:51:15',NULL),(13,35,'2021-05-24 03:51:15',NULL),(13,36,'2021-05-24 03:51:15',NULL),(13,37,'2021-05-24 03:51:15',NULL),(13,38,'2021-05-24 03:51:15',NULL),(13,39,'2021-05-24 03:51:15',NULL),(13,40,'2021-05-24 03:51:15',NULL),(13,51,'2021-05-03 12:12:00',NULL),(13,386,'2021-05-03 12:12:00','2021-06-18 10:00:00'),(14,11,'2021-05-03 12:13:00',NULL),(14,12,'2021-05-03 12:13:00',NULL),(14,13,'2021-05-03 12:13:00',NULL),(14,14,'2021-05-03 12:13:00',NULL),(14,15,'2021-05-03 12:13:00',NULL),(14,16,'2021-05-03 12:13:00',NULL),(14,17,'2021-05-03 12:13:00',NULL),(14,18,'2021-05-03 12:13:00',NULL),(14,19,'2021-05-03 12:13:00',NULL),(14,20,'2021-05-03 12:13:00',NULL),(14,21,'2021-05-03 12:13:00',NULL),(14,22,'2021-05-03 12:13:00',NULL),(14,23,'2021-05-03 12:13:00',NULL),(14,24,'2021-05-03 12:13:00',NULL),(14,25,'2021-05-03 12:13:00',NULL),(14,26,'2021-05-03 12:13:00',NULL),(14,27,'2021-05-31 11:23:41',NULL),(14,28,'2021-05-31 11:23:41',NULL),(14,29,'2021-05-31 11:23:41',NULL),(14,30,'2021-05-31 11:23:41',NULL),(14,31,'2021-05-31 11:23:41',NULL),(14,32,'2021-05-31 11:23:41',NULL),(14,33,'2021-05-31 11:23:41',NULL),(14,34,'2021-05-31 11:23:41',NULL),(14,35,'2021-05-31 11:23:41',NULL),(14,36,'2021-05-31 11:23:41',NULL),(14,37,'2021-06-01 11:20:21',NULL),(14,38,'2021-06-01 11:20:21',NULL),(14,39,'2021-06-01 11:20:21',NULL),(14,40,'2021-06-01 11:20:21',NULL),(14,41,'2021-06-01 11:37:01',NULL),(14,42,'2021-06-01 11:37:01',NULL),(14,43,'2021-06-01 11:37:01',NULL),(14,44,'2021-06-01 11:37:01',NULL),(14,45,'2021-06-01 11:37:01',NULL),(14,46,'2021-06-01 11:37:01',NULL),(14,47,'2021-06-01 11:37:01',NULL),(14,48,'2021-06-01 11:37:01',NULL),(14,49,'2021-06-01 11:37:01',NULL),(14,50,'2021-06-01 11:37:01',NULL),(14,51,'2021-05-03 12:13:00',NULL),(14,230,'2021-05-03 12:13:00','2021-06-19 10:00:00'),(15,11,'2021-05-03 12:14:00',NULL),(15,12,'2021-05-03 12:14:00',NULL),(15,13,'2021-05-03 12:14:00',NULL),(15,14,'2021-05-03 12:14:00',NULL),(15,15,'2021-05-03 12:14:00',NULL),(15,16,'2021-05-03 12:14:00',NULL),(15,17,'2021-05-03 12:14:00',NULL),(15,18,'2021-05-03 12:14:00',NULL),(15,19,'2021-05-03 12:14:00',NULL),(15,20,'2021-05-03 12:14:00',NULL),(15,21,'2021-05-03 12:14:00',NULL),(15,22,'2021-05-03 12:14:00',NULL),(15,23,'2021-05-03 12:14:00',NULL),(15,24,'2021-05-03 12:14:00',NULL),(15,25,'2021-05-03 12:14:00',NULL),(15,26,'2021-05-03 12:14:00',NULL),(15,27,'2021-05-23 21:16:49',NULL),(15,28,'2021-05-23 21:16:49',NULL),(15,29,'2021-05-23 21:16:49',NULL),(15,30,'2021-05-23 21:16:49',NULL),(15,31,'2021-05-23 21:16:49',NULL),(15,32,'2021-05-23 21:16:49',NULL),(15,33,'2021-05-23 21:16:49',NULL),(15,34,'2021-05-23 21:16:49',NULL),(15,35,'2021-05-23 21:16:49',NULL),(15,36,'2021-05-23 21:16:49',NULL),(15,37,'2021-05-24 21:13:29',NULL),(15,38,'2021-05-24 21:13:29',NULL),(15,39,'2021-05-24 21:13:29',NULL),(15,40,'2021-05-24 21:13:29',NULL),(15,41,'2021-05-24 21:30:09',NULL),(15,42,'2021-05-24 21:30:09',NULL),(15,43,'2021-05-24 21:30:09',NULL),(15,44,'2021-05-24 21:30:09',NULL),(15,45,'2021-05-24 21:30:09',NULL),(15,46,'2021-05-24 21:30:09',NULL),(15,47,'2021-05-24 21:30:09',NULL),(15,48,'2021-05-24 21:30:09',NULL),(15,49,'2021-05-24 21:30:09',NULL),(15,50,'2021-05-24 21:30:09',NULL),(15,51,'2021-05-03 12:14:00',NULL),(15,229,'2021-05-03 12:14:00','2021-06-18 10:00:00'),(16,11,'2021-05-03 12:15:00',NULL),(16,12,'2021-05-03 12:15:00',NULL),(16,13,'2021-05-03 12:15:00',NULL),(16,14,'2021-05-03 12:15:00',NULL),(16,15,'2021-05-03 12:15:00',NULL),(16,16,'2021-05-03 12:15:00',NULL),(16,17,'2021-05-03 12:15:00',NULL),(16,18,'2021-05-03 12:15:00',NULL),(16,19,'2021-05-03 12:15:00',NULL),(16,20,'2021-05-03 12:15:00',NULL),(16,21,'2021-05-03 12:15:00',NULL),(16,22,'2021-05-03 12:15:00',NULL),(16,23,'2021-05-03 12:15:00',NULL),(16,24,'2021-05-03 12:15:00',NULL),(16,25,'2021-05-03 12:15:00',NULL),(16,26,'2021-05-03 12:15:00',NULL),(16,27,'2021-05-04 10:01:52',NULL),(16,28,'2021-05-04 10:01:52',NULL),(16,29,'2021-05-04 10:01:52',NULL),(16,30,'2021-05-04 10:01:52',NULL),(16,31,'2021-05-04 10:01:52',NULL),(16,32,'2021-05-04 10:01:52',NULL),(16,33,'2021-05-04 10:01:52',NULL),(16,34,'2021-05-04 10:01:52',NULL),(16,35,'2021-05-04 10:01:52',NULL),(16,36,'2021-05-04 10:01:52',NULL),(16,51,'2021-05-03 12:15:00',NULL),(16,391,'2021-05-03 12:15:00','2021-06-21 10:00:00'),(17,11,'2021-05-03 12:16:00',NULL),(17,12,'2021-05-03 12:16:00',NULL),(17,13,'2021-05-03 12:16:00',NULL),(17,14,'2021-05-03 12:16:00',NULL),(17,15,'2021-05-03 12:16:00',NULL),(17,16,'2021-05-03 12:16:00',NULL),(17,17,'2021-05-03 12:16:00',NULL),(17,18,'2021-05-03 12:16:00',NULL),(17,19,'2021-05-03 12:16:00',NULL),(17,20,'2021-05-03 12:16:00',NULL),(17,21,'2021-05-03 12:16:00',NULL),(17,22,'2021-05-03 12:16:00',NULL),(17,23,'2021-05-03 12:16:00',NULL),(17,24,'2021-05-03 12:16:00',NULL),(17,25,'2021-05-03 12:16:00',NULL),(17,26,'2021-05-03 12:16:00',NULL),(17,41,'2021-05-05 08:59:54',NULL),(17,42,'2021-05-05 08:59:54',NULL),(17,43,'2021-05-05 08:59:54',NULL),(17,44,'2021-05-05 08:59:54',NULL),(17,45,'2021-05-05 08:59:54',NULL),(17,46,'2021-05-05 08:59:54',NULL),(17,47,'2021-05-05 08:59:54',NULL),(17,48,'2021-05-05 08:59:54',NULL),(17,49,'2021-05-05 08:59:54',NULL),(17,50,'2021-05-05 08:59:54',NULL),(17,51,'2021-05-03 12:16:00',NULL),(17,118,'2021-05-03 12:16:00','2021-06-20 10:00:00'),(18,11,'2021-05-03 12:17:00',NULL),(18,12,'2021-05-03 12:17:00',NULL),(18,13,'2021-05-03 12:17:00',NULL),(18,14,'2021-05-03 12:17:00',NULL),(18,15,'2021-05-03 12:17:00',NULL),(18,16,'2021-05-03 12:17:00',NULL),(18,17,'2021-05-03 12:17:00',NULL),(18,18,'2021-05-03 12:17:00',NULL),(18,19,'2021-05-03 12:17:00',NULL),(18,20,'2021-05-03 12:17:00',NULL),(18,21,'2021-05-03 12:17:00',NULL),(18,22,'2021-05-03 12:17:00',NULL),(18,23,'2021-05-03 12:17:00',NULL),(18,24,'2021-05-03 12:17:00',NULL),(18,25,'2021-05-03 12:17:00',NULL),(18,26,'2021-05-03 12:17:00',NULL),(18,37,'2021-05-18 12:53:03',NULL),(18,38,'2021-05-18 12:53:03',NULL),(18,39,'2021-05-18 12:53:03',NULL),(18,40,'2021-05-18 12:53:03',NULL),(18,51,'2021-05-03 12:17:00',NULL),(18,106,'2021-05-03 12:17:00','2021-06-21 10:00:00'),(19,11,'2021-05-03 12:18:00',NULL),(19,12,'2021-05-03 12:18:00',NULL),(19,13,'2021-05-03 12:18:00',NULL),(19,14,'2021-05-03 12:18:00',NULL),(19,15,'2021-05-03 12:18:00',NULL),(19,16,'2021-05-03 12:18:00',NULL),(19,17,'2021-05-03 12:18:00',NULL),(19,18,'2021-05-03 12:18:00',NULL),(19,19,'2021-05-03 12:18:00',NULL),(19,20,'2021-05-03 12:18:00',NULL),(19,21,'2021-05-03 12:18:00',NULL),(19,22,'2021-05-03 12:18:00',NULL),(19,23,'2021-05-03 12:18:00',NULL),(19,24,'2021-05-03 12:18:00',NULL),(19,25,'2021-05-03 12:18:00',NULL),(19,26,'2021-05-03 12:18:00',NULL),(19,27,'2021-05-24 01:32:57',NULL),(19,28,'2021-05-24 01:32:57',NULL),(19,29,'2021-05-24 01:32:57',NULL),(19,30,'2021-05-24 01:32:57',NULL),(19,31,'2021-05-24 01:32:57',NULL),(19,32,'2021-05-24 01:32:57',NULL),(19,33,'2021-05-24 01:32:57',NULL),(19,34,'2021-05-24 01:32:57',NULL),(19,35,'2021-05-24 01:32:57',NULL),(19,36,'2021-05-24 01:32:57',NULL),(19,37,'2021-05-25 01:29:37',NULL),(19,38,'2021-05-25 01:29:37',NULL),(19,39,'2021-05-25 01:29:37',NULL),(19,40,'2021-05-25 01:29:37',NULL),(19,41,'2021-05-25 01:46:17',NULL),(19,42,'2021-05-25 01:46:17',NULL),(19,43,'2021-05-25 01:46:17',NULL),(19,44,'2021-05-25 01:46:17',NULL),(19,45,'2021-05-25 01:46:17',NULL),(19,46,'2021-05-25 01:46:17',NULL),(19,47,'2021-05-25 01:46:17',NULL),(19,48,'2021-05-25 01:46:17',NULL),(19,49,'2021-05-25 01:46:17',NULL),(19,50,'2021-05-25 01:46:17',NULL),(19,51,'2021-05-03 12:18:00',NULL),(19,62,'2021-05-03 12:18:00','2021-06-21 10:00:00'),(20,11,'2021-05-03 12:19:00',NULL),(20,12,'2021-05-03 12:19:00',NULL),(20,13,'2021-05-03 12:19:00',NULL),(20,14,'2021-05-03 12:19:00',NULL),(20,15,'2021-05-03 12:19:00',NULL),(20,16,'2021-05-03 12:19:00',NULL),(20,17,'2021-05-03 12:19:00',NULL),(20,18,'2021-05-03 12:19:00',NULL),(20,19,'2021-05-03 12:19:00',NULL),(20,20,'2021-05-03 12:19:00',NULL),(20,21,'2021-05-03 12:19:00',NULL),(20,22,'2021-05-03 12:19:00',NULL),(20,23,'2021-05-03 12:19:00',NULL),(20,24,'2021-05-03 12:19:00',NULL),(20,25,'2021-05-03 12:19:00',NULL),(20,26,'2021-05-03 12:19:00',NULL),(20,27,'2021-05-12 08:03:00',NULL),(20,28,'2021-05-12 08:03:00',NULL),(20,29,'2021-05-12 08:03:00',NULL),(20,30,'2021-05-12 08:03:00',NULL),(20,31,'2021-05-12 08:03:00',NULL),(20,32,'2021-05-12 08:03:00',NULL),(20,33,'2021-05-12 08:03:00',NULL),(20,34,'2021-05-12 08:03:00',NULL),(20,35,'2021-05-12 08:03:00',NULL),(20,36,'2021-05-12 08:03:00',NULL),(20,41,'2021-05-12 08:03:00',NULL),(20,42,'2021-05-12 08:03:00',NULL),(20,43,'2021-05-12 08:03:00',NULL),(20,44,'2021-05-12 08:03:00',NULL),(20,45,'2021-05-12 08:03:00',NULL),(20,46,'2021-05-12 08:03:00',NULL),(20,47,'2021-05-12 08:03:00',NULL),(20,48,'2021-05-12 08:03:00',NULL),(20,49,'2021-05-12 08:03:00',NULL),(20,50,'2021-05-12 08:03:00',NULL),(20,51,'2021-05-03 12:19:00',NULL),(20,63,'2021-05-03 12:19:00','2021-06-19 10:00:00'),(21,11,'2021-05-03 12:20:00',NULL),(21,12,'2021-05-03 12:20:00',NULL),(21,13,'2021-05-03 12:20:00',NULL),(21,14,'2021-05-03 12:20:00',NULL),(21,15,'2021-05-03 12:20:00',NULL),(21,16,'2021-05-03 12:20:00',NULL),(21,17,'2021-05-03 12:20:00',NULL),(21,18,'2021-05-03 12:20:00',NULL),(21,19,'2021-05-03 12:20:00',NULL),(21,20,'2021-05-03 12:20:00',NULL),(21,21,'2021-05-03 12:20:00',NULL),(21,22,'2021-05-03 12:20:00',NULL),(21,23,'2021-05-03 12:20:00',NULL),(21,24,'2021-05-03 12:20:00',NULL),(21,25,'2021-05-03 12:20:00',NULL),(21,26,'2021-05-03 12:20:00',NULL),(21,27,'2021-05-28 09:22:26',NULL),(21,28,'2021-05-28 09:22:26',NULL),(21,29,'2021-05-28 09:22:26',NULL),(21,30,'2021-05-28 09:22:26',NULL),(21,31,'2021-05-28 09:22:26',NULL),(21,32,'2021-05-28 09:22:26',NULL),(21,33,'2021-05-28 09:22:26',NULL),(21,34,'2021-05-28 09:22:26',NULL),(21,35,'2021-05-28 09:22:26',NULL),(21,36,'2021-05-28 09:22:26',NULL),(21,37,'2021-05-28 09:22:26',NULL),(21,38,'2021-05-28 09:22:26',NULL),(21,39,'2021-05-28 09:22:26',NULL),(21,40,'2021-05-28 09:22:26',NULL),(21,51,'2021-05-03 12:20:00',NULL),(21,104,'2021-05-03 12:20:00','2021-06-18 10:00:00'),(22,11,'2021-05-03 12:21:00',NULL),(22,12,'2021-05-03 12:21:00',NULL),(22,13,'2021-05-03 12:21:00',NULL),(22,14,'2021-05-03 12:21:00',NULL),(22,15,'2021-05-03 12:21:00',NULL),(22,16,'2021-05-03 12:21:00',NULL),(22,17,'2021-05-03 12:21:00',NULL),(22,18,'2021-05-03 12:21:00',NULL),(22,19,'2021-05-03 12:21:00',NULL),(22,20,'2021-05-03 12:21:00',NULL),(22,21,'2021-05-03 12:21:00',NULL),(22,22,'2021-05-03 12:21:00',NULL),(22,23,'2021-05-03 12:21:00',NULL),(22,24,'2021-05-03 12:21:00',NULL),(22,25,'2021-05-03 12:21:00',NULL),(22,26,'2021-05-03 12:21:00',NULL),(22,37,'2021-05-31 03:25:33',NULL),(22,38,'2021-05-31 03:25:33',NULL),(22,39,'2021-05-31 03:25:33',NULL),(22,40,'2021-05-31 03:25:33',NULL),(22,41,'2021-05-31 03:25:33',NULL),(22,42,'2021-05-31 03:25:33',NULL),(22,43,'2021-05-31 03:25:33',NULL),(22,44,'2021-05-31 03:25:33',NULL),(22,45,'2021-05-31 03:25:33',NULL),(22,46,'2021-05-31 03:25:33',NULL),(22,47,'2021-05-31 03:25:33',NULL),(22,48,'2021-05-31 03:25:33',NULL),(22,49,'2021-05-31 03:25:33',NULL),(22,50,'2021-05-31 03:25:33',NULL),(22,51,'2021-05-03 12:21:00',NULL),(22,105,'2021-05-03 12:21:00','2021-06-21 10:00:00'),(23,11,'2021-05-03 12:22:00',NULL),(23,12,'2021-05-03 12:22:00',NULL),(23,13,'2021-05-03 12:22:00',NULL),(23,14,'2021-05-03 12:22:00',NULL),(23,15,'2021-05-03 12:22:00',NULL),(23,16,'2021-05-03 12:22:00',NULL),(23,17,'2021-05-03 12:22:00',NULL),(23,18,'2021-05-03 12:22:00',NULL),(23,19,'2021-05-03 12:22:00',NULL),(23,20,'2021-05-03 12:22:00',NULL),(23,21,'2021-05-03 12:22:00',NULL),(23,22,'2021-05-03 12:22:00',NULL),(23,23,'2021-05-03 12:22:00',NULL),(23,24,'2021-05-03 12:22:00',NULL),(23,25,'2021-05-03 12:22:00',NULL),(23,26,'2021-05-03 12:22:00',NULL),(23,27,'2021-05-17 12:47:08',NULL),(23,28,'2021-05-17 12:47:08',NULL),(23,29,'2021-05-17 12:47:08',NULL),(23,30,'2021-05-17 12:47:08',NULL),(23,31,'2021-05-17 12:47:08',NULL),(23,32,'2021-05-17 12:47:08',NULL),(23,33,'2021-05-17 12:47:08',NULL),(23,34,'2021-05-17 12:47:08',NULL),(23,35,'2021-05-17 12:47:08',NULL),(23,36,'2021-05-17 12:47:08',NULL),(23,37,'2021-05-18 12:43:48',NULL),(23,38,'2021-05-18 12:43:48',NULL),(23,39,'2021-05-18 12:43:48',NULL),(23,40,'2021-05-18 12:43:48',NULL),(23,41,'2021-05-18 13:00:28',NULL),(23,42,'2021-05-18 13:00:28',NULL),(23,43,'2021-05-18 13:00:28',NULL),(23,44,'2021-05-18 13:00:28',NULL),(23,45,'2021-05-18 13:00:28',NULL),(23,46,'2021-05-18 13:00:28',NULL),(23,47,'2021-05-18 13:00:28',NULL),(23,48,'2021-05-18 13:00:28',NULL),(23,49,'2021-05-18 13:00:28',NULL),(23,50,'2021-05-18 13:00:28',NULL),(23,51,'2021-05-03 12:22:00',NULL),(23,120,'2021-05-03 12:22:00','2021-06-20 10:00:00'),(24,11,'2021-05-03 12:23:00',NULL),(24,12,'2021-05-03 12:23:00',NULL),(24,13,'2021-05-03 12:23:00',NULL),(24,14,'2021-05-03 12:23:00',NULL),(24,15,'2021-05-03 12:23:00',NULL),(24,16,'2021-05-03 12:23:00',NULL),(24,17,'2021-05-03 12:23:00',NULL),(24,18,'2021-05-03 12:23:00',NULL),(24,19,'2021-05-03 12:23:00',NULL),(24,20,'2021-05-03 12:23:00',NULL),(24,21,'2021-05-03 12:23:00',NULL),(24,22,'2021-05-03 12:23:00',NULL),(24,23,'2021-05-03 12:23:00',NULL),(24,24,'2021-05-03 12:23:00',NULL),(24,25,'2021-05-03 12:23:00',NULL),(24,26,'2021-05-03 12:23:00',NULL),(24,37,'2021-05-28 07:38:05',NULL),(24,38,'2021-05-28 07:38:05',NULL),(24,39,'2021-05-28 07:38:05',NULL),(24,40,'2021-05-28 07:38:05',NULL),(24,41,'2021-05-28 07:38:05',NULL),(24,42,'2021-05-28 07:38:05',NULL),(24,43,'2021-05-28 07:38:05',NULL),(24,44,'2021-05-28 07:38:05',NULL),(24,45,'2021-05-28 07:38:05',NULL),(24,46,'2021-05-28 07:38:05',NULL),(24,47,'2021-05-28 07:38:05',NULL),(24,48,'2021-05-28 07:38:05',NULL),(24,49,'2021-05-28 07:38:05',NULL),(24,50,'2021-05-28 07:38:05',NULL),(24,51,'2021-05-03 12:23:00',NULL),(24,120,'2021-05-03 12:23:00','2021-06-20 10:00:00'),(25,11,'2021-05-03 12:24:00',NULL),(25,12,'2021-05-03 12:24:00',NULL),(25,13,'2021-05-03 12:24:00',NULL),(25,14,'2021-05-03 12:24:00',NULL),(25,15,'2021-05-03 12:24:00',NULL),(25,16,'2021-05-03 12:24:00',NULL),(25,17,'2021-05-03 12:24:00',NULL),(25,18,'2021-05-03 12:24:00',NULL),(25,19,'2021-05-03 12:24:00',NULL),(25,20,'2021-05-03 12:24:00',NULL),(25,21,'2021-05-03 12:24:00',NULL),(25,22,'2021-05-03 12:24:00',NULL),(25,23,'2021-05-03 12:24:00',NULL),(25,24,'2021-05-03 12:24:00',NULL),(25,25,'2021-05-03 12:24:00',NULL),(25,26,'2021-05-03 12:24:00',NULL),(25,41,'2021-05-20 11:45:00',NULL),(25,42,'2021-05-20 11:45:00',NULL),(25,43,'2021-05-20 11:45:00',NULL),(25,44,'2021-05-20 11:45:00',NULL),(25,45,'2021-05-20 11:45:00',NULL),(25,46,'2021-05-20 11:45:00',NULL),(25,47,'2021-05-20 11:45:00',NULL),(25,48,'2021-05-20 11:45:00',NULL),(25,49,'2021-05-20 11:45:00',NULL),(25,50,'2021-05-20 11:45:00',NULL),(25,51,'2021-05-03 12:24:00',NULL),(25,67,'2021-05-03 12:24:00','2021-06-21 10:00:00');
/*!40000 ALTER TABLE `have_access` ENABLE KEYS */;
UNLOCK TABLES;
/*!50003 SET @saved_cs_client      = @@character_set_client */ ;
/*!50003 SET @saved_cs_results     = @@character_set_results */ ;
/*!50003 SET @saved_col_connection = @@collation_connection */ ;
/*!50003 SET character_set_client  = utf8mb4 */ ;
/*!50003 SET character_set_results = utf8mb4 */ ;
/*!50003 SET collation_connection  = utf8mb4_general_ci */ ;
/*!50003 SET @saved_sql_mode       = @@sql_mode */ ;
/*!50003 SET sql_mode              = 'STRICT_TRANS_TABLES,ERROR_FOR_DIVISION_BY_ZERO,NO_AUTO_CREATE_USER,NO_ENGINE_SUBSTITUTION' */ ;
DELIMITER ;;
/*!50003 CREATE*/ /*!50017 DEFINER=`root`@`localhost`*/ /*!50003 TRIGGER `asdf_db`.`have_access_AFTER_INSERT`
AFTER INSERT ON `asdf_db`.`have_access`
FOR EACH ROW
BEGIN
	INSERT INTO use_charge_log (customer_id, service_id, use_date_time, description, charge_amount)
		SELECT NEW.customer_id, 2, NEW.start_date_time, 'ROOM RESERVATION',
			DATEDIFF(NEW.end_date_time, NEW.start_date_time) * s.enroll_price
		FROM register_services s, places p
        WHERE s.service_id = 2 AND NEW.place_id = p.place_id AND p.offered_service_id = 2;
		
END */;;
DELIMITER ;
/*!50003 SET sql_mode              = @saved_sql_mode */ ;
/*!50003 SET character_set_client  = @saved_cs_client */ ;
/*!50003 SET character_set_results = @saved_cs_results */ ;
/*!50003 SET collation_connection  = @saved_col_connection */ ;

--
-- Temporary table structure for view `most_used_by_most_customers`
--

DROP TABLE IF EXISTS `most_used_by_most_customers`;
/*!50001 DROP VIEW IF EXISTS `most_used_by_most_customers`*/;
SET @saved_cs_client     = @@character_set_client;
SET character_set_client = utf8;
/*!50001 CREATE TABLE `most_used_by_most_customers` (
  `service_id` tinyint NOT NULL,
  `service_type` tinyint NOT NULL,
  `count(distinct u.customer_id, u.service_id)` tinyint NOT NULL
) ENGINE=MyISAM */;
SET character_set_client = @saved_cs_client;

--
-- Table structure for table `no_register_services`
--

DROP TABLE IF EXISTS `no_register_services`;
/*!40101 SET @saved_cs_client     = @@character_set_client */;
/*!40101 SET character_set_client = utf8 */;
CREATE TABLE `no_register_services` (
  `service_id` int(10) NOT NULL,
  `service_type` enum('RECEPTION','BAR','RESTAURANT','HAIR_SALON') NOT NULL,
  PRIMARY KEY (`service_id`),
  KEY `fk_no_register_services_2_idx` (`service_type`),
  CONSTRAINT `fk_no_register_services_1` FOREIGN KEY (`service_id`) REFERENCES `services` (`service_id`) ON DELETE CASCADE ON UPDATE CASCADE,
  CONSTRAINT `fk_no_register_services_2` FOREIGN KEY (`service_type`) REFERENCES `services` (`service_type`) ON DELETE CASCADE ON UPDATE CASCADE
) ENGINE=InnoDB DEFAULT CHARSET=utf8;
/*!40101 SET character_set_client = @saved_cs_client */;

--
-- Dumping data for table `no_register_services`
--

LOCK TABLES `no_register_services` WRITE;
/*!40000 ALTER TABLE `no_register_services` DISABLE KEYS */;
INSERT INTO `no_register_services` VALUES (1,'RECEPTION'),(3,'BAR'),(4,'RESTAURANT'),(8,'HAIR_SALON');
/*!40000 ALTER TABLE `no_register_services` ENABLE KEYS */;
UNLOCK TABLES;

--
-- Table structure for table `places`
--

DROP TABLE IF EXISTS `places`;
/*!40101 SET @saved_cs_client     = @@character_set_client */;
/*!40101 SET character_set_client = utf8 */;
CREATE TABLE `places` (
  `place_id` int(10) NOT NULL AUTO_INCREMENT,
  `place_description` varchar(5) NOT NULL,
  `place_type` enum('ELEVATOR','SERVICE','CORRIDOR','FLOOR') NOT NULL,
  `floor_id` int(10) DEFAULT NULL,
  `corridor_id` int(10) DEFAULT NULL,
  `offered_service_id` int(10) DEFAULT NULL,
  `room_capacity` int(10) NOT NULL,
  PRIMARY KEY (`place_id`),
  KEY `fk_places_1_idx` (`floor_id`),
  KEY `fk_places_2_idx` (`corridor_id`),
  KEY `fk_places_3_idx` (`offered_service_id`),
  CONSTRAINT `fk_places_1` FOREIGN KEY (`floor_id`) REFERENCES `places` (`place_id`) ON UPDATE CASCADE,
  CONSTRAINT `fk_places_2` FOREIGN KEY (`corridor_id`) REFERENCES `places` (`place_id`) ON UPDATE CASCADE,
  CONSTRAINT `fk_places_3` FOREIGN KEY (`offered_service_id`) REFERENCES `services` (`service_id`) ON DELETE SET NULL ON UPDATE CASCADE
) ENGINE=InnoDB AUTO_INCREMENT=452 DEFAULT CHARSET=utf8;
/*!40101 SET character_set_client = @saved_cs_client */;

--
-- Dumping data for table `places`
--

LOCK TABLES `places` WRITE;
/*!40000 ALTER TABLE `places` DISABLE KEYS */;
INSERT INTO `places` VALUES (1,'FLO0','FLOOR',NULL,NULL,NULL,0),(2,'FLO1','FLOOR',NULL,NULL,NULL,0),(3,'FLO2','FLOOR',NULL,NULL,NULL,0),(4,'FLO3','FLOOR',NULL,NULL,NULL,0),(5,'FLO4','FLOOR',NULL,NULL,NULL,0),(6,'FLO5','FLOOR',NULL,NULL,NULL,0),(7,'N','CORRIDOR',NULL,NULL,NULL,0),(8,'S','CORRIDOR',NULL,NULL,NULL,0),(9,'E','CORRIDOR',NULL,NULL,NULL,0),(10,'W','CORRIDOR',NULL,NULL,NULL,0),(11,'ELE1','ELEVATOR',NULL,NULL,NULL,0),(12,'ELE2','ELEVATOR',NULL,NULL,NULL,0),(13,'ELE3','ELEVATOR',NULL,NULL,NULL,0),(14,'ELE4','ELEVATOR',NULL,NULL,NULL,0),(15,'ELE5','ELEVATOR',NULL,NULL,NULL,0),(16,'RES1','SERVICE',1,7,4,0),(17,'RES2','SERVICE',1,8,4,0),(18,'RES3','SERVICE',1,9,4,0),(19,'RES4','SERVICE',1,10,4,0),(20,'BAR1','SERVICE',1,7,3,0),(21,'BAR2','SERVICE',1,8,3,0),(22,'BAR3','SERVICE',1,9,3,0),(23,'BAR4','SERVICE',1,10,3,0),(24,'BAR5','SERVICE',1,10,3,0),(25,'BAR6','SERVICE',1,9,3,0),(26,'RECP','SERVICE',1,NULL,1,0),(27,'CON1','SERVICE',1,7,5,0),(28,'CON2','SERVICE',1,8,5,0),(29,'CON3','SERVICE',1,9,5,0),(30,'CON4','SERVICE',1,10,5,0),(31,'CON5','SERVICE',1,7,5,0),(32,'CON6','SERVICE',1,8,5,0),(33,'CON7','SERVICE',1,9,5,0),(34,'CON8','SERVICE',1,10,5,0),(35,'CON9','SERVICE',1,7,5,0),(36,'CON10','SERVICE',1,8,5,0),(37,'GYM1','SERVICE',1,7,6,0),(38,'GYM2','SERVICE',1,8,6,0),(39,'GYM3','SERVICE',1,9,6,0),(40,'GYM4','SERVICE',1,10,6,0),(41,'SAU1','SERVICE',1,7,7,0),(42,'SAU2','SERVICE',1,8,7,0),(43,'SAU3','SERVICE',1,9,7,0),(44,'SAU4','SERVICE',1,10,7,0),(45,'SAU5','SERVICE',1,7,7,0),(46,'SAU6','SERVICE',1,8,7,0),(47,'SAU7','SERVICE',1,9,7,0),(48,'SAU8','SERVICE',1,10,7,0),(49,'SAU9','SERVICE',1,7,7,0),(50,'SAU10','SERVICE',1,8,7,0),(51,'HAIR','SERVICE',1,7,8,0),(52,'101N','SERVICE',2,7,2,1),(53,'101E','SERVICE',2,9,2,1),(54,'101S','SERVICE',2,8,2,1),(55,'101W','SERVICE',2,10,2,1),(56,'102N','SERVICE',2,7,2,1),(57,'102E','SERVICE',2,9,2,1),(58,'102S','SERVICE',2,8,2,1),(59,'102W','SERVICE',2,10,2,1),(60,'103N','SERVICE',2,7,2,1),(61,'103E','SERVICE',2,9,2,1),(62,'103S','SERVICE',2,8,2,1),(63,'103W','SERVICE',2,10,2,1),(64,'104N','SERVICE',2,7,2,1),(65,'104E','SERVICE',2,9,2,1),(66,'104S','SERVICE',2,8,2,1),(67,'104W','SERVICE',2,10,2,1),(68,'105N','SERVICE',2,7,2,1),(69,'105E','SERVICE',2,9,2,1),(70,'105S','SERVICE',2,8,2,1),(71,'105W','SERVICE',2,10,2,1),(72,'106N','SERVICE',2,7,2,2),(73,'106E','SERVICE',2,9,2,2),(74,'106S','SERVICE',2,8,2,2),(75,'106W','SERVICE',2,10,2,2),(76,'107N','SERVICE',2,7,2,2),(77,'107E','SERVICE',2,9,2,2),(78,'107S','SERVICE',2,8,2,2),(79,'107W','SERVICE',2,10,2,2),(80,'108N','SERVICE',2,7,2,2),(81,'108E','SERVICE',2,9,2,2),(82,'108S','SERVICE',2,8,2,2),(83,'108W','SERVICE',2,10,2,2),(84,'109N','SERVICE',2,7,2,2),(85,'109E','SERVICE',2,9,2,2),(86,'109S','SERVICE',2,8,2,2),(87,'109W','SERVICE',2,10,2,2),(88,'110N','SERVICE',2,7,2,2),(89,'110E','SERVICE',2,9,2,2),(90,'110S','SERVICE',2,8,2,2),(91,'110W','SERVICE',2,10,2,2),(92,'111N','SERVICE',2,7,2,3),(93,'111E','SERVICE',2,9,2,3),(94,'111S','SERVICE',2,8,2,3),(95,'111W','SERVICE',2,10,2,3),(96,'112N','SERVICE',2,7,2,3),(97,'112E','SERVICE',2,9,2,3),(98,'112S','SERVICE',2,8,2,3),(99,'112W','SERVICE',2,10,2,3),(100,'113N','SERVICE',2,7,2,3),(101,'113E','SERVICE',2,9,2,3),(102,'113S','SERVICE',2,8,2,3),(103,'113W','SERVICE',2,10,2,3),(104,'114N','SERVICE',2,7,2,3),(105,'114E','SERVICE',2,9,2,3),(106,'114S','SERVICE',2,8,2,3),(107,'114W','SERVICE',2,10,2,3),(108,'115N','SERVICE',2,7,2,3),(109,'115E','SERVICE',2,9,2,3),(110,'115S','SERVICE',2,8,2,3),(111,'115W','SERVICE',2,10,2,3),(112,'116N','SERVICE',2,7,2,4),(113,'116E','SERVICE',2,9,2,4),(114,'116S','SERVICE',2,8,2,4),(115,'116W','SERVICE',2,10,2,4),(116,'117N','SERVICE',2,7,2,4),(117,'117E','SERVICE',2,9,2,4),(118,'117S','SERVICE',2,8,2,4),(119,'117W','SERVICE',2,10,2,4),(120,'118N','SERVICE',2,7,2,4),(121,'118E','SERVICE',2,9,2,4),(122,'118S','SERVICE',2,8,2,4),(123,'118W','SERVICE',2,10,2,4),(124,'119N','SERVICE',2,7,2,4),(125,'119E','SERVICE',2,9,2,4),(126,'119S','SERVICE',2,8,2,4),(127,'119W','SERVICE',2,10,2,4),(128,'120N','SERVICE',2,7,2,4),(129,'120E','SERVICE',2,9,2,4),(130,'120S','SERVICE',2,8,2,4),(131,'120W','SERVICE',2,10,2,4),(132,'201N','SERVICE',3,7,2,1),(133,'201E','SERVICE',3,9,2,1),(134,'201S','SERVICE',3,8,2,1),(135,'201W','SERVICE',3,10,2,1),(136,'202N','SERVICE',3,7,2,1),(137,'202E','SERVICE',3,9,2,1),(138,'202S','SERVICE',3,8,2,1),(139,'202W','SERVICE',3,10,2,1),(140,'203N','SERVICE',3,7,2,1),(141,'203E','SERVICE',3,9,2,1),(142,'203S','SERVICE',3,8,2,1),(143,'203W','SERVICE',3,10,2,1),(144,'204N','SERVICE',3,7,2,1),(145,'204E','SERVICE',3,9,2,1),(146,'204S','SERVICE',3,8,2,1),(147,'204W','SERVICE',3,10,2,1),(148,'205N','SERVICE',3,7,2,1),(149,'205E','SERVICE',3,9,2,1),(150,'205S','SERVICE',3,8,2,1),(151,'205W','SERVICE',3,10,2,1),(152,'206N','SERVICE',3,7,2,2),(153,'206E','SERVICE',3,9,2,2),(154,'206S','SERVICE',3,8,2,2),(155,'206W','SERVICE',3,10,2,2),(156,'207N','SERVICE',3,7,2,2),(157,'207E','SERVICE',3,9,2,2),(158,'207S','SERVICE',3,8,2,2),(159,'207W','SERVICE',3,10,2,2),(160,'208N','SERVICE',3,7,2,2),(161,'208E','SERVICE',3,9,2,2),(162,'208S','SERVICE',3,8,2,2),(163,'208W','SERVICE',3,10,2,2),(164,'209N','SERVICE',3,7,2,2),(165,'209E','SERVICE',3,9,2,2),(166,'209S','SERVICE',3,8,2,2),(167,'209W','SERVICE',3,10,2,2),(168,'210N','SERVICE',3,7,2,2),(169,'210E','SERVICE',3,9,2,2),(170,'210S','SERVICE',3,8,2,2),(171,'210W','SERVICE',3,10,2,2),(172,'211N','SERVICE',3,7,2,3),(173,'211E','SERVICE',3,9,2,3),(174,'211S','SERVICE',3,8,2,3),(175,'211W','SERVICE',3,10,2,3),(176,'212N','SERVICE',3,7,2,3),(177,'212E','SERVICE',3,9,2,3),(178,'212S','SERVICE',3,8,2,3),(179,'212W','SERVICE',3,10,2,3),(180,'213N','SERVICE',3,7,2,3),(181,'213E','SERVICE',3,9,2,3),(182,'213S','SERVICE',3,8,2,3),(183,'213W','SERVICE',3,10,2,3),(184,'214N','SERVICE',3,7,2,3),(185,'214E','SERVICE',3,9,2,3),(186,'214S','SERVICE',3,8,2,3),(187,'214W','SERVICE',3,10,2,3),(188,'215N','SERVICE',3,7,2,3),(189,'215E','SERVICE',3,9,2,3),(190,'215S','SERVICE',3,8,2,3),(191,'215W','SERVICE',3,10,2,3),(192,'216N','SERVICE',3,7,2,4),(193,'216E','SERVICE',3,9,2,4),(194,'216S','SERVICE',3,8,2,4),(195,'216W','SERVICE',3,10,2,4),(196,'217N','SERVICE',3,7,2,4),(197,'217E','SERVICE',3,9,2,4),(198,'217S','SERVICE',3,8,2,4),(199,'217W','SERVICE',3,10,2,4),(200,'218N','SERVICE',3,7,2,4),(201,'218E','SERVICE',3,9,2,4),(202,'218S','SERVICE',3,8,2,4),(203,'218W','SERVICE',3,10,2,4),(204,'219N','SERVICE',3,7,2,4),(205,'219E','SERVICE',3,9,2,4),(206,'219S','SERVICE',3,8,2,4),(207,'219W','SERVICE',3,10,2,4),(208,'220N','SERVICE',3,7,2,4),(209,'220E','SERVICE',3,9,2,4),(210,'220S','SERVICE',3,8,2,4),(211,'220W','SERVICE',3,10,2,4),(212,'301N','SERVICE',4,7,2,1),(213,'301E','SERVICE',4,9,2,1),(214,'301S','SERVICE',4,8,2,1),(215,'301W','SERVICE',4,10,2,1),(216,'302N','SERVICE',4,7,2,1),(217,'302E','SERVICE',4,9,2,1),(218,'302S','SERVICE',4,8,2,1),(219,'302W','SERVICE',4,10,2,1),(220,'303N','SERVICE',4,7,2,1),(221,'303E','SERVICE',4,9,2,1),(222,'303S','SERVICE',4,8,2,1),(223,'303W','SERVICE',4,10,2,1),(224,'304N','SERVICE',4,7,2,1),(225,'304E','SERVICE',4,9,2,1),(226,'304S','SERVICE',4,8,2,1),(227,'304W','SERVICE',4,10,2,1),(228,'305N','SERVICE',4,7,2,1),(229,'305E','SERVICE',4,9,2,1),(230,'305S','SERVICE',4,8,2,1),(231,'305W','SERVICE',4,10,2,1),(232,'306N','SERVICE',4,7,2,2),(233,'306E','SERVICE',4,9,2,2),(234,'306S','SERVICE',4,8,2,2),(235,'306W','SERVICE',4,10,2,2),(236,'307N','SERVICE',4,7,2,2),(237,'307E','SERVICE',4,9,2,2),(238,'307S','SERVICE',4,8,2,2),(239,'307W','SERVICE',4,10,2,2),(240,'308N','SERVICE',4,7,2,2),(241,'308E','SERVICE',4,9,2,2),(242,'308S','SERVICE',4,8,2,2),(243,'308W','SERVICE',4,10,2,2),(244,'309N','SERVICE',4,7,2,2),(245,'309E','SERVICE',4,9,2,2),(246,'309S','SERVICE',4,8,2,2),(247,'309W','SERVICE',4,10,2,2),(248,'310N','SERVICE',4,7,2,2),(249,'310E','SERVICE',4,9,2,2),(250,'310S','SERVICE',4,8,2,2),(251,'310W','SERVICE',4,10,2,2),(252,'311N','SERVICE',4,7,2,3),(253,'311E','SERVICE',4,9,2,3),(254,'311S','SERVICE',4,8,2,3),(255,'311W','SERVICE',4,10,2,3),(256,'312N','SERVICE',4,7,2,3),(257,'312E','SERVICE',4,9,2,3),(258,'312S','SERVICE',4,8,2,3),(259,'312W','SERVICE',4,10,2,3),(260,'313N','SERVICE',4,7,2,3),(261,'313E','SERVICE',4,9,2,3),(262,'313S','SERVICE',4,8,2,3),(263,'313W','SERVICE',4,10,2,3),(264,'314N','SERVICE',4,7,2,3),(265,'314E','SERVICE',4,9,2,3),(266,'314S','SERVICE',4,8,2,3),(267,'314W','SERVICE',4,10,2,3),(268,'315N','SERVICE',4,7,2,3),(269,'315E','SERVICE',4,9,2,3),(270,'315S','SERVICE',4,8,2,3),(271,'315W','SERVICE',4,10,2,3),(272,'316N','SERVICE',4,7,2,4),(273,'316E','SERVICE',4,9,2,4),(274,'316S','SERVICE',4,8,2,4),(275,'316W','SERVICE',4,10,2,4),(276,'317N','SERVICE',4,7,2,4),(277,'317E','SERVICE',4,9,2,4),(278,'317S','SERVICE',4,8,2,4),(279,'317W','SERVICE',4,10,2,4),(280,'318N','SERVICE',4,7,2,4),(281,'318E','SERVICE',4,9,2,4),(282,'318S','SERVICE',4,8,2,4),(283,'318W','SERVICE',4,10,2,4),(284,'319N','SERVICE',4,7,2,4),(285,'319E','SERVICE',4,9,2,4),(286,'319S','SERVICE',4,8,2,4),(287,'319W','SERVICE',4,10,2,4),(288,'320N','SERVICE',4,7,2,4),(289,'320E','SERVICE',4,9,2,4),(290,'320S','SERVICE',4,8,2,4),(291,'320W','SERVICE',4,10,2,4),(292,'401N','SERVICE',5,7,2,1),(293,'401E','SERVICE',5,9,2,1),(294,'401S','SERVICE',5,8,2,1),(295,'401W','SERVICE',5,10,2,1),(296,'402N','SERVICE',5,7,2,1),(297,'402E','SERVICE',5,9,2,1),(298,'402S','SERVICE',5,8,2,1),(299,'402W','SERVICE',5,10,2,1),(300,'403N','SERVICE',5,7,2,1),(301,'403E','SERVICE',5,9,2,1),(302,'403S','SERVICE',5,8,2,1),(303,'403W','SERVICE',5,10,2,1),(304,'404N','SERVICE',5,7,2,1),(305,'404E','SERVICE',5,9,2,1),(306,'404S','SERVICE',5,8,2,1),(307,'404W','SERVICE',5,10,2,1),(308,'405N','SERVICE',5,7,2,1),(309,'405E','SERVICE',5,9,2,1),(310,'405S','SERVICE',5,8,2,1),(311,'405W','SERVICE',5,10,2,1),(312,'406N','SERVICE',5,7,2,2),(313,'406E','SERVICE',5,9,2,2),(314,'406S','SERVICE',5,8,2,2),(315,'406W','SERVICE',5,10,2,2),(316,'407N','SERVICE',5,7,2,2),(317,'407E','SERVICE',5,9,2,2),(318,'407S','SERVICE',5,8,2,2),(319,'407W','SERVICE',5,10,2,2),(320,'408N','SERVICE',5,7,2,2),(321,'408E','SERVICE',5,9,2,2),(322,'408S','SERVICE',5,8,2,2),(323,'408W','SERVICE',5,10,2,2),(324,'409N','SERVICE',5,7,2,2),(325,'409E','SERVICE',5,9,2,2),(326,'409S','SERVICE',5,8,2,2),(327,'409W','SERVICE',5,10,2,2),(328,'410N','SERVICE',5,7,2,2),(329,'410E','SERVICE',5,9,2,2),(330,'410S','SERVICE',5,8,2,2),(331,'410W','SERVICE',5,10,2,2),(332,'411N','SERVICE',5,7,2,3),(333,'411E','SERVICE',5,9,2,3),(334,'411S','SERVICE',5,8,2,3),(335,'411W','SERVICE',5,10,2,3),(336,'412N','SERVICE',5,7,2,3),(337,'412E','SERVICE',5,9,2,3),(338,'412S','SERVICE',5,8,2,3),(339,'412W','SERVICE',5,10,2,3),(340,'413N','SERVICE',5,7,2,3),(341,'413E','SERVICE',5,9,2,3),(342,'413S','SERVICE',5,8,2,3),(343,'413W','SERVICE',5,10,2,3),(344,'414N','SERVICE',5,7,2,3),(345,'414E','SERVICE',5,9,2,3),(346,'414S','SERVICE',5,8,2,3),(347,'414W','SERVICE',5,10,2,3),(348,'415N','SERVICE',5,7,2,3),(349,'415E','SERVICE',5,9,2,3),(350,'415S','SERVICE',5,8,2,3),(351,'415W','SERVICE',5,10,2,3),(352,'416N','SERVICE',5,7,2,4),(353,'416E','SERVICE',5,9,2,4),(354,'416S','SERVICE',5,8,2,4),(355,'416W','SERVICE',5,10,2,4),(356,'417N','SERVICE',5,7,2,4),(357,'417E','SERVICE',5,9,2,4),(358,'417S','SERVICE',5,8,2,4),(359,'417W','SERVICE',5,10,2,4),(360,'418N','SERVICE',5,7,2,4),(361,'418E','SERVICE',5,9,2,4),(362,'418S','SERVICE',5,8,2,4),(363,'418W','SERVICE',5,10,2,4),(364,'419N','SERVICE',5,7,2,4),(365,'419E','SERVICE',5,9,2,4),(366,'419S','SERVICE',5,8,2,4),(367,'419W','SERVICE',5,10,2,4),(368,'420N','SERVICE',5,7,2,4),(369,'420E','SERVICE',5,9,2,4),(370,'420S','SERVICE',5,8,2,4),(371,'420W','SERVICE',5,10,2,4),(372,'501N','SERVICE',6,7,2,1),(373,'501E','SERVICE',6,9,2,1),(374,'501S','SERVICE',6,8,2,1),(375,'501W','SERVICE',6,10,2,1),(376,'502N','SERVICE',6,7,2,1),(377,'502E','SERVICE',6,9,2,1),(378,'502S','SERVICE',6,8,2,1),(379,'502W','SERVICE',6,10,2,1),(380,'503N','SERVICE',6,7,2,1),(381,'503E','SERVICE',6,9,2,1),(382,'503S','SERVICE',6,8,2,1),(383,'503W','SERVICE',6,10,2,1),(384,'504N','SERVICE',6,7,2,1),(385,'504E','SERVICE',6,9,2,1),(386,'504S','SERVICE',6,8,2,1),(387,'504W','SERVICE',6,10,2,1),(388,'505N','SERVICE',6,7,2,1),(389,'505E','SERVICE',6,9,2,1),(390,'505S','SERVICE',6,8,2,1),(391,'505W','SERVICE',6,10,2,1),(392,'506N','SERVICE',6,7,2,2),(393,'506E','SERVICE',6,9,2,2),(394,'506S','SERVICE',6,8,2,2),(395,'506W','SERVICE',6,10,2,2),(396,'507N','SERVICE',6,7,2,2),(397,'507E','SERVICE',6,9,2,2),(398,'507S','SERVICE',6,8,2,2),(399,'507W','SERVICE',6,10,2,2),(400,'508N','SERVICE',6,7,2,2),(401,'508E','SERVICE',6,9,2,2),(402,'508S','SERVICE',6,8,2,2),(403,'508W','SERVICE',6,10,2,2),(404,'509N','SERVICE',6,7,2,2),(405,'509E','SERVICE',6,9,2,2),(406,'509S','SERVICE',6,8,2,2),(407,'509W','SERVICE',6,10,2,2),(408,'510N','SERVICE',6,7,2,2),(409,'510E','SERVICE',6,9,2,2),(410,'510S','SERVICE',6,8,2,2),(411,'510W','SERVICE',6,10,2,2),(412,'511N','SERVICE',6,7,2,3),(413,'511E','SERVICE',6,9,2,3),(414,'511S','SERVICE',6,8,2,3),(415,'511W','SERVICE',6,10,2,3),(416,'512N','SERVICE',6,7,2,3),(417,'512E','SERVICE',6,9,2,3),(418,'512S','SERVICE',6,8,2,3),(419,'512W','SERVICE',6,10,2,3),(420,'513N','SERVICE',6,7,2,3),(421,'513E','SERVICE',6,9,2,3),(422,'513S','SERVICE',6,8,2,3),(423,'513W','SERVICE',6,10,2,3),(424,'514N','SERVICE',6,7,2,3),(425,'514E','SERVICE',6,9,2,3),(426,'514S','SERVICE',6,8,2,3),(427,'514W','SERVICE',6,10,2,3),(428,'515N','SERVICE',6,7,2,3),(429,'515E','SERVICE',6,9,2,3),(430,'515S','SERVICE',6,8,2,3),(431,'515W','SERVICE',6,10,2,3),(432,'516N','SERVICE',6,7,2,4),(433,'516E','SERVICE',6,9,2,4),(434,'516S','SERVICE',6,8,2,4),(435,'516W','SERVICE',6,10,2,4),(436,'517N','SERVICE',6,7,2,4),(437,'517E','SERVICE',6,9,2,4),(438,'517S','SERVICE',6,8,2,4),(439,'517W','SERVICE',6,10,2,4),(440,'518N','SERVICE',6,7,2,4),(441,'518E','SERVICE',6,9,2,4),(442,'518S','SERVICE',6,8,2,4),(443,'518W','SERVICE',6,10,2,4),(444,'519N','SERVICE',6,7,2,4),(445,'519E','SERVICE',6,9,2,4),(446,'519S','SERVICE',6,8,2,4),(447,'519W','SERVICE',6,10,2,4),(448,'520N','SERVICE',6,7,2,4),(449,'520E','SERVICE',6,9,2,4),(450,'520S','SERVICE',6,8,2,4),(451,'520W','SERVICE',6,10,2,4);
/*!40000 ALTER TABLE `places` ENABLE KEYS */;
UNLOCK TABLES;

--
-- Table structure for table `register_services`
--

DROP TABLE IF EXISTS `register_services`;
/*!40101 SET @saved_cs_client     = @@character_set_client */;
/*!40101 SET character_set_client = utf8 */;
CREATE TABLE `register_services` (
  `service_id` int(10) NOT NULL,
  `enroll_price` float(5,2) NOT NULL,
  `service_type` enum('ROOM','CONFERENCE','GYM','SAUNA') NOT NULL,
  PRIMARY KEY (`service_id`),
  KEY `fk_register_services_2_idx` (`service_type`),
  CONSTRAINT `fk_register_services_1` FOREIGN KEY (`service_id`) REFERENCES `services` (`service_id`) ON DELETE CASCADE ON UPDATE CASCADE,
  CONSTRAINT `fk_register_services_2` FOREIGN KEY (`service_type`) REFERENCES `services` (`service_type`) ON DELETE CASCADE ON UPDATE CASCADE
) ENGINE=InnoDB DEFAULT CHARSET=utf8;
/*!40101 SET character_set_client = @saved_cs_client */;

--
-- Dumping data for table `register_services`
--

LOCK TABLES `register_services` WRITE;
/*!40000 ALTER TABLE `register_services` DISABLE KEYS */;
INSERT INTO `register_services` VALUES (2,50.00,'ROOM'),(5,25.00,'CONFERENCE'),(6,45.00,'GYM'),(7,75.00,'SAUNA');
/*!40000 ALTER TABLE `register_services` ENABLE KEYS */;
UNLOCK TABLES;

--
-- Table structure for table `services`
--

DROP TABLE IF EXISTS `services`;
/*!40101 SET @saved_cs_client     = @@character_set_client */;
/*!40101 SET character_set_client = utf8 */;
CREATE TABLE `services` (
  `service_id` int(10) NOT NULL AUTO_INCREMENT,
  `service_type` enum('RECEPTION','ROOM','BAR','RESTAURANT','CONFERENCE','GYM','SAUNA','HAIR_SALON') NOT NULL,
  PRIMARY KEY (`service_id`),
  UNIQUE KEY `service_type_UNIQUE` (`service_type`)
) ENGINE=InnoDB AUTO_INCREMENT=9 DEFAULT CHARSET=utf8;
/*!40101 SET character_set_client = @saved_cs_client */;

--
-- Dumping data for table `services`
--

LOCK TABLES `services` WRITE;
/*!40000 ALTER TABLE `services` DISABLE KEYS */;
INSERT INTO `services` VALUES (1,'RECEPTION'),(2,'ROOM'),(3,'BAR'),(4,'RESTAURANT'),(5,'CONFERENCE'),(6,'GYM'),(7,'SAUNA'),(8,'HAIR_SALON');
/*!40000 ALTER TABLE `services` ENABLE KEYS */;
UNLOCK TABLES;
/*!50003 SET @saved_cs_client      = @@character_set_client */ ;
/*!50003 SET @saved_cs_results     = @@character_set_results */ ;
/*!50003 SET @saved_col_connection = @@collation_connection */ ;
/*!50003 SET character_set_client  = utf8mb4 */ ;
/*!50003 SET character_set_results = utf8mb4 */ ;
/*!50003 SET collation_connection  = utf8mb4_general_ci */ ;
/*!50003 SET @saved_sql_mode       = @@sql_mode */ ;
/*!50003 SET sql_mode              = 'STRICT_TRANS_TABLES,ERROR_FOR_DIVISION_BY_ZERO,NO_AUTO_CREATE_USER,NO_ENGINE_SUBSTITUTION' */ ;
DELIMITER ;;
/*!50003 CREATE*/ /*!50017 DEFINER=`root`@`localhost`*/ /*!50003 TRIGGER `asdf_db`.`services_BEFORE_DELETE`
BEFORE DELETE ON `asdf_db`.`services`
FOR EACH ROW
BEGIN
	DELETE FROM have_access
	WHERE have_access.place_id IN
		(SELECT p.place_id
         FROM places p
         WHERE p.offered_service_id = OLD.service_id);
             
	UPDATE places
    SET
		place_description = 'EMPTY'
	WHERE
		offered_service_id = OLD.service_id;
END */;;
DELIMITER ;
/*!50003 SET sql_mode              = @saved_sql_mode */ ;
/*!50003 SET character_set_client  = @saved_cs_client */ ;
/*!50003 SET character_set_results = @saved_cs_results */ ;
/*!50003 SET collation_connection  = @saved_col_connection */ ;

--
-- Table structure for table `use_charge_log`
--

DROP TABLE IF EXISTS `use_charge_log`;
/*!40101 SET @saved_cs_client     = @@character_set_client */;
/*!40101 SET character_set_client = utf8 */;
CREATE TABLE `use_charge_log` (
  `use_log_id` int(10) NOT NULL AUTO_INCREMENT,
  `customer_id` int(10) NOT NULL,
  `service_id` int(10) NOT NULL,
  `use_date_time` timestamp NOT NULL DEFAULT current_timestamp() ON UPDATE current_timestamp(),
  `description` varchar(45) DEFAULT NULL,
  `charge_amount` float(10,2) NOT NULL,
  `paid` tinyint(4) NOT NULL DEFAULT 0,
  PRIMARY KEY (`use_log_id`),
  KEY `fk_use_charge_log_1_idx` (`customer_id`),
  KEY `fk_use_charge_log_2_idx` (`service_id`),
  CONSTRAINT `fk_new_table_1` FOREIGN KEY (`customer_id`) REFERENCES `customers` (`nfc_id`) ON DELETE CASCADE ON UPDATE CASCADE,
  CONSTRAINT `fk_new_table_2` FOREIGN KEY (`service_id`) REFERENCES `services` (`service_id`) ON DELETE CASCADE ON UPDATE CASCADE
) ENGINE=InnoDB AUTO_INCREMENT=396 DEFAULT CHARSET=utf8;
/*!40101 SET character_set_client = @saved_cs_client */;

--
-- Dumping data for table `use_charge_log`
--

LOCK TABLES `use_charge_log` WRITE;
/*!40000 ALTER TABLE `use_charge_log` DISABLE KEYS */;
INSERT INTO `use_charge_log` VALUES (1,1,2,'2021-05-03 09:00:00','ROOM RESERVATION',2400.00,0),(2,2,2,'2021-05-03 09:01:00','ROOM RESERVATION',2350.00,0),(3,3,2,'2021-05-03 09:02:00','ROOM RESERVATION',2350.00,0),(4,4,2,'2021-05-03 09:03:00','ROOM RESERVATION',2350.00,0),(5,5,2,'2021-05-03 09:04:00','ROOM RESERVATION',2300.00,0),(6,6,2,'2021-05-03 09:05:00','ROOM RESERVATION',2400.00,0),(7,7,2,'2021-05-03 09:06:00','ROOM RESERVATION',2400.00,0),(8,8,2,'2021-05-03 09:07:00','ROOM RESERVATION',2300.00,0),(9,9,2,'2021-05-03 09:08:00','ROOM RESERVATION',2300.00,0),(10,10,2,'2021-05-03 09:09:00','ROOM RESERVATION',2350.00,0),(11,11,2,'2021-05-03 09:10:00','ROOM RESERVATION',2300.00,0),(12,12,2,'2021-05-03 09:11:00','ROOM RESERVATION',2400.00,0),(13,13,2,'2021-05-03 09:12:00','ROOM RESERVATION',2300.00,0),(14,14,2,'2021-05-03 09:13:00','ROOM RESERVATION',2350.00,0),(15,15,2,'2021-05-03 09:14:00','ROOM RESERVATION',2300.00,0),(16,16,2,'2021-05-03 09:15:00','ROOM RESERVATION',2450.00,0),(17,17,2,'2021-05-03 09:16:00','ROOM RESERVATION',2400.00,0),(18,18,2,'2021-05-03 09:17:00','ROOM RESERVATION',2450.00,0),(19,19,2,'2021-05-03 09:18:00','ROOM RESERVATION',2450.00,0),(20,20,2,'2021-05-03 09:19:00','ROOM RESERVATION',2350.00,0),(21,21,2,'2021-05-03 09:20:00','ROOM RESERVATION',2300.00,0),(22,22,2,'2021-05-03 09:21:00','ROOM RESERVATION',2450.00,0),(23,23,2,'2021-05-03 09:22:00','ROOM RESERVATION',2400.00,0),(24,24,2,'2021-05-03 09:23:00','ROOM RESERVATION',2400.00,0),(25,25,2,'2021-05-03 09:24:00','ROOM RESERVATION',2450.00,0),(26,1,7,'2021-06-11 23:50:03','SAU2',30.00,0),(27,1,7,'2021-06-11 17:11:21','SAU10',30.00,0),(28,2,5,'2021-05-16 15:10:23','CON10',10.00,0),(29,2,5,'2021-05-15 01:52:13','CON5',10.00,0),(30,2,6,'2021-05-15 15:53:31','GYM1',15.00,0),(31,2,6,'2021-05-14 21:36:52','GYM4',15.00,0),(32,3,6,'2021-05-23 16:00:53','GYM1',15.00,0),(33,3,6,'2021-05-21 19:07:09','GYM3',15.00,0),(34,3,7,'2021-05-22 12:37:35','SAU8',30.00,0),(35,3,7,'2021-05-23 06:01:57','SAU6',30.00,0),(36,3,7,'2021-05-24 09:48:40','SAU7',30.00,0),(37,4,5,'2021-05-15 15:43:39','CON2',10.00,0),(38,4,5,'2021-05-13 07:12:22','CON5',10.00,0),(39,4,5,'2021-05-15 19:50:50','CON3',10.00,0),(40,4,6,'2021-05-17 21:22:29','GYM2',15.00,0),(41,4,6,'2021-05-16 17:30:36','GYM2',15.00,0),(42,4,6,'2021-05-15 10:44:19','GYM3',15.00,0),(43,4,7,'2021-05-14 08:59:21','SAU6',30.00,0),(44,4,7,'2021-05-17 16:24:43','SAU3',30.00,0),(45,5,5,'2021-06-11 22:36:58','CON5',10.00,0),(46,5,5,'2021-06-11 19:47:21','CON8',10.00,0),(47,5,6,'2021-06-09 09:54:19','GYM1',15.00,0),(48,5,7,'2021-06-10 09:15:08','SAU6',30.00,0),(49,5,7,'2021-06-10 03:28:43','SAU5',30.00,0),(50,5,7,'2021-06-12 22:29:43','SAU9',30.00,0),(51,6,7,'2021-05-21 02:23:14','SAU6',30.00,0),(52,6,7,'2021-05-21 13:17:46','SAU5',30.00,0),(53,6,7,'2021-05-21 02:52:08','SAU8',30.00,0),(54,6,5,'2021-05-21 21:53:56','CON8',10.00,0),(55,7,7,'2021-05-13 15:11:42','SAU9',30.00,0),(56,7,7,'2021-05-12 02:20:07','SAU3',30.00,0),(57,7,5,'2021-05-12 09:21:08','CON3',10.00,0),(58,7,5,'2021-05-14 00:06:04','CON10',10.00,0),(59,7,5,'2021-05-15 11:26:09','CON8',10.00,0),(60,8,7,'2021-06-10 21:26:36','SAU4',30.00,0),(61,8,5,'2021-06-11 01:52:52','CON10',10.00,0),(62,9,5,'2021-05-29 22:45:38','CON2',10.00,0),(63,9,5,'2021-05-30 12:34:30','CON7',10.00,0),(64,9,5,'2021-05-28 06:40:56','CON8',10.00,0),(65,9,6,'2021-05-28 10:08:45','GYM4',15.00,0),(66,9,6,'2021-06-01 01:46:55','GYM3',15.00,0),(67,9,6,'2021-05-31 19:04:19','GYM2',15.00,0),(68,9,7,'2021-05-30 18:48:08','SAU7',30.00,0),(69,10,5,'2021-05-09 21:02:09','CON2',10.00,0),(70,10,5,'2021-05-09 19:53:02','CON1',10.00,0),(71,10,5,'2021-05-09 21:49:55','CON9',10.00,0),(72,10,6,'2021-05-11 20:40:25','GYM4',15.00,0),(73,10,7,'2021-05-11 03:03:19','SAU5',30.00,0),(74,11,5,'2021-06-05 12:45:34','CON5',10.00,0),(75,11,5,'2021-06-05 18:05:14','CON6',10.00,0),(76,11,5,'2021-06-05 12:50:02','CON4',10.00,0),(77,11,6,'2021-06-06 03:39:58','GYM1',15.00,0),(78,11,6,'2021-06-08 06:19:40','GYM4',15.00,0),(79,11,6,'2021-06-07 17:30:20','GYM4',15.00,0),(80,11,7,'2021-06-05 13:19:44','SAU3',30.00,0),(81,11,7,'2021-06-07 15:52:21','SAU7',30.00,0),(82,12,6,'2021-05-25 22:06:20','GYM4',15.00,0),(83,12,6,'2021-05-28 23:26:44','GYM3',15.00,0),(84,13,6,'2021-05-26 05:00:00','GYM1',15.00,0),(85,13,6,'2021-05-27 13:49:47','GYM3',15.00,0),(86,13,5,'2021-05-27 07:42:20','CON6',10.00,0),(87,13,5,'2021-05-25 19:45:08','CON9',10.00,0),(88,14,5,'2021-06-03 00:07:16','CON1',10.00,0),(89,14,5,'2021-06-01 01:29:17','CON5',10.00,0),(90,14,6,'2021-06-01 19:17:43','GYM1',15.00,0),(91,14,7,'2021-06-04 16:23:47','SAU9',30.00,0),(92,15,5,'2021-05-26 18:32:11','CON3',10.00,0),(93,15,5,'2021-05-27 01:17:54','CON2',10.00,0),(94,15,5,'2021-05-25 12:45:16','CON8',10.00,0),(95,15,6,'2021-05-27 08:54:47','GYM1',15.00,0),(96,15,6,'2021-05-27 05:32:38','GYM1',15.00,0),(97,15,7,'2021-05-26 16:17:34','SAU8',30.00,0),(98,15,7,'2021-05-27 21:42:40','SAU6',30.00,0),(99,15,7,'2021-05-26 01:10:27','SAU6',30.00,0),(100,16,5,'2021-05-08 11:54:49','CON8',10.00,0),(101,17,7,'2021-05-08 21:28:23','SAU8',30.00,0),(102,17,7,'2021-05-05 21:16:16','SAU4',30.00,0),(103,17,7,'2021-05-07 21:28:47','SAU2',30.00,0),(104,18,6,'2021-05-20 21:49:31','GYM3',15.00,0),(105,18,6,'2021-05-22 05:17:40','GYM4',15.00,0),(106,19,5,'2021-05-28 02:57:28','CON6',10.00,0),(107,19,6,'2021-05-25 21:48:05','GYM4',15.00,0),(108,19,6,'2021-05-27 07:53:39','GYM2',15.00,0),(109,19,7,'2021-05-29 06:31:23','SAU5',30.00,0),(110,20,7,'2021-05-15 22:57:09','SAU8',30.00,0),(111,20,5,'2021-05-15 01:37:49','CON4',10.00,0),(112,21,5,'2021-05-31 06:51:22','CON3',10.00,0),(113,21,6,'2021-05-28 18:28:50','GYM1',15.00,0),(114,21,6,'2021-05-31 12:38:12','GYM1',15.00,0),(115,21,6,'2021-05-30 23:25:57','GYM3',15.00,0),(116,22,6,'2021-06-03 04:46:05','GYM3',15.00,0),(117,22,6,'2021-06-01 17:32:28','GYM1',15.00,0),(118,22,6,'2021-05-31 23:51:33','GYM4',15.00,0),(119,22,7,'2021-06-03 12:48:21','SAU3',30.00,0),(120,23,5,'2021-05-17 19:56:01','CON7',10.00,0),(121,23,5,'2021-05-20 12:05:18','CON1',10.00,0),(122,23,6,'2021-05-19 10:08:47','GYM4',15.00,0),(123,23,6,'2021-05-19 18:50:29','GYM1',15.00,0),(124,23,7,'2021-05-22 15:59:35','SAU1',30.00,0),(125,23,7,'2021-05-22 16:26:18','SAU9',30.00,0),(126,23,7,'2021-05-21 03:26:43','SAU10',30.00,0),(127,24,7,'2021-05-30 08:27:30','SAU5',30.00,0),(128,24,7,'2021-05-30 02:54:20','SAU9',30.00,0),(129,24,6,'2021-05-29 20:22:42','GYM1',15.00,0),(130,24,6,'2021-05-28 14:27:48','GYM1',15.00,0),(131,25,7,'2021-05-20 18:30:02','SAU10',30.00,0),(132,1,3,'2021-06-14 15:56:49','BAR6: CUBA LIBRE',8.00,0),(133,1,3,'2021-05-22 20:36:23','BAR2: WHISKEY',7.00,0),(134,1,3,'2021-06-05 14:37:32','BAR1: GIN',7.00,0),(135,1,3,'2021-05-25 00:22:21','BAR1: MOJITO',9.00,0),(136,1,3,'2021-05-20 08:56:41','BAR5: BEER',5.00,0),(137,1,4,'2021-05-27 16:33:48','RES2',20.00,0),(138,1,4,'2021-05-28 22:28:51','RES2',20.00,0),(139,1,4,'2021-05-04 02:22:52','RES3',20.00,0),(140,1,4,'2021-05-08 23:03:08','RES4',20.00,0),(141,1,4,'2021-05-17 03:47:49','RES3',20.00,0),(142,2,3,'2021-05-12 03:37:26','BAR1: TEQUILA',8.00,0),(143,2,3,'2021-06-01 02:21:45','BAR4: RUM',7.00,0),(144,2,3,'2021-06-15 13:40:53','BAR1: TEQUILA',8.00,0),(145,2,3,'2021-05-26 13:02:06','BAR3: RUM',7.00,0),(146,2,3,'2021-05-07 16:25:15','BAR2: VODKA',7.00,0),(147,2,4,'2021-05-23 17:27:51','RES1',20.00,0),(148,2,4,'2021-05-09 18:00:46','RES1',20.00,0),(149,2,4,'2021-05-05 17:25:37','RES4',20.00,0),(150,2,4,'2021-05-15 21:37:44','RES4',20.00,0),(151,2,4,'2021-06-02 13:43:31','RES1',20.00,0),(152,3,3,'2021-05-23 11:07:09','BAR2: VODKA',7.00,0),(153,3,3,'2021-06-01 19:18:09','BAR1: ZOMBIE',12.00,0),(154,3,3,'2021-06-02 17:45:22','BAR3: VODKA',7.00,0),(155,3,3,'2021-06-14 08:24:05','BAR3: BEER',5.00,0),(156,3,3,'2021-05-24 09:50:16','BAR4: VODKA',7.00,0),(157,3,4,'2021-06-14 05:04:06','RES4',20.00,0),(158,3,4,'2021-05-12 08:46:42','RES3',20.00,0),(159,3,4,'2021-05-08 08:48:41','RES1',20.00,0),(160,3,4,'2021-06-13 05:13:22','RES4',20.00,0),(161,3,4,'2021-05-28 13:06:27','RES2',20.00,0),(162,3,8,'2021-05-21 05:36:00','HAIR',15.00,0),(163,4,3,'2021-05-11 18:29:21','BAR6: MAI TAI',9.00,0),(164,4,3,'2021-06-12 12:56:38','BAR6: TEQUILA',8.00,0),(165,4,3,'2021-05-04 08:46:17','BAR3: ZOMBIE',12.00,0),(166,4,3,'2021-05-16 19:22:55','BAR1: VODKA',7.00,0),(167,4,3,'2021-06-05 04:36:20','BAR4: RUM',7.00,0),(168,4,4,'2021-06-07 05:30:13','RES4',20.00,0),(169,4,4,'2021-05-07 04:29:20','RES1',20.00,0),(170,4,4,'2021-05-18 18:46:39','RES1',20.00,0),(171,4,4,'2021-06-14 22:40:49','RES3',20.00,0),(172,4,4,'2021-05-16 09:24:14','RES3',20.00,0),(173,4,8,'2021-05-07 15:22:59','HAIR',15.00,0),(174,5,3,'2021-05-11 07:32:44','BAR2: MAI TAI',9.00,0),(175,5,3,'2021-05-26 03:49:48','BAR2: MAI TAI',9.00,0),(176,5,3,'2021-06-14 00:47:46','BAR6: RUM',7.00,0),(177,5,3,'2021-05-11 19:52:41','BAR1: TEQUILA',8.00,0),(178,5,3,'2021-06-02 08:38:54','BAR4: MOJITO',9.00,0),(179,5,4,'2021-05-24 20:00:21','RES4',20.00,0),(180,5,4,'2021-05-23 23:54:10','RES2',20.00,0),(181,5,4,'2021-05-04 15:24:00','RES2',20.00,0),(182,5,4,'2021-05-05 16:26:26','RES2',20.00,0),(183,5,4,'2021-06-07 23:49:46','RES3',20.00,0),(184,5,8,'2021-05-28 08:01:21','HAIR',15.00,0),(185,6,3,'2021-06-12 08:26:32','BAR3: WHISKEY',7.00,0),(186,6,3,'2021-05-13 11:03:23','BAR5: WHISKEY',7.00,0),(187,6,3,'2021-06-09 21:53:13','BAR2: MAI TAI',9.00,0),(188,6,3,'2021-06-13 11:01:31','BAR4: ZOMBIE',12.00,0),(189,6,3,'2021-05-20 00:01:51','BAR4: VODKA',7.00,0),(190,6,4,'2021-05-17 04:04:28','RES1',20.00,0),(191,6,4,'2021-05-20 01:13:37','RES4',20.00,0),(192,6,4,'2021-06-16 13:57:28','RES2',20.00,0),(193,6,4,'2021-06-09 20:16:02','RES4',20.00,0),(194,6,4,'2021-05-14 09:16:51','RES1',20.00,0),(195,6,8,'2021-06-03 06:07:41','HAIR',15.00,0),(196,7,3,'2021-05-04 16:49:48','BAR1: MOJITO',9.00,0),(197,7,3,'2021-06-09 01:01:16','BAR2: TEQUILA',8.00,0),(198,7,3,'2021-05-04 09:42:38','BAR3: VODKA',7.00,0),(199,7,3,'2021-05-12 09:56:36','BAR4: WHISKEY',7.00,0),(200,7,3,'2021-06-06 00:00:56','BAR4: MOJITO',9.00,0),(201,7,4,'2021-05-25 21:22:54','RES1',20.00,0),(202,7,4,'2021-06-14 06:56:17','RES1',20.00,0),(203,7,4,'2021-05-06 10:16:08','RES1',20.00,0),(204,7,4,'2021-05-21 08:49:32','RES3',20.00,0),(205,7,4,'2021-05-23 19:07:57','RES1',20.00,0),(206,8,3,'2021-06-14 19:06:45','BAR1: BEER',5.00,0),(207,8,3,'2021-05-04 18:01:44','BAR6: RUM',7.00,0),(208,8,3,'2021-05-26 03:17:44','BAR2: TEQUILA',8.00,0),(209,8,3,'2021-06-08 08:33:21','BAR1: ZOMBIE',12.00,0),(210,8,3,'2021-05-29 13:04:12','BAR6: MAI TAI',9.00,0),(211,8,4,'2021-06-18 05:55:32','RES3',20.00,0),(212,8,4,'2021-05-26 07:11:04','RES2',20.00,0),(213,8,4,'2021-05-29 08:12:24','RES4',20.00,0),(214,8,4,'2021-06-07 08:00:44','RES3',20.00,0),(215,8,4,'2021-05-05 14:53:42','RES2',20.00,0),(216,9,3,'2021-06-17 17:39:13','BAR5: WHISKEY',7.00,0),(217,9,3,'2021-05-05 15:24:48','BAR1: MOJITO',9.00,0),(218,9,3,'2021-06-09 05:07:42','BAR1: CUBA LIBRE',8.00,0),(219,9,3,'2021-06-07 14:55:10','BAR1: BEER',5.00,0),(220,9,3,'2021-06-03 15:17:00','BAR3: MAI TAI',9.00,0),(221,9,4,'2021-06-04 12:41:14','RES4',20.00,0),(222,9,4,'2021-05-28 11:01:02','RES3',20.00,0),(223,9,4,'2021-05-19 03:59:42','RES1',20.00,0),(224,9,4,'2021-05-25 09:23:00','RES1',20.00,0),(225,9,4,'2021-05-26 20:03:39','RES2',20.00,0),(226,9,8,'2021-06-05 16:23:18','HAIR',15.00,0),(227,10,3,'2021-05-30 18:25:13','BAR1: RUM',7.00,0),(228,10,3,'2021-06-12 02:17:43','BAR4: BEER',5.00,0),(229,10,3,'2021-05-11 17:40:47','BAR4: ZOMBIE',12.00,0),(230,10,3,'2021-05-11 03:58:35','BAR3: CUBA LIBRE',8.00,0),(231,10,3,'2021-06-07 13:47:51','BAR5: GIN',7.00,0),(232,10,4,'2021-06-08 07:21:27','RES1',20.00,0),(233,10,4,'2021-05-17 22:49:37','RES4',20.00,0),(234,10,4,'2021-05-12 02:36:44','RES3',20.00,0),(235,10,4,'2021-05-21 20:11:47','RES4',20.00,0),(236,10,4,'2021-06-02 16:20:50','RES2',20.00,0),(237,10,8,'2021-05-03 20:30:56','HAIR',15.00,0),(238,11,3,'2021-05-26 05:33:01','BAR5: ZOMBIE',12.00,0),(239,11,3,'2021-05-17 23:23:38','BAR1: MOJITO',9.00,0),(240,11,3,'2021-06-08 17:30:04','BAR3: RUM',7.00,0),(241,11,3,'2021-05-04 00:36:33','BAR1: VODKA',7.00,0),(242,11,3,'2021-06-03 21:41:33','BAR4: CUBA LIBRE',8.00,0),(243,11,4,'2021-06-04 12:21:17','RES2',20.00,0),(244,11,4,'2021-06-06 00:55:49','RES3',20.00,0),(245,11,4,'2021-05-10 15:15:41','RES3',20.00,0),(246,11,4,'2021-06-05 01:43:33','RES2',20.00,0),(247,11,4,'2021-05-11 20:32:41','RES3',20.00,0),(248,11,8,'2021-05-21 23:36:23','HAIR',15.00,0),(249,12,3,'2021-05-05 00:27:58','BAR1: ZOMBIE',12.00,0),(250,12,3,'2021-05-23 07:30:16','BAR6: GIN',7.00,0),(251,12,3,'2021-05-15 05:29:36','BAR5: CUBA LIBRE',8.00,0),(252,12,3,'2021-06-18 10:55:22','BAR4: BEER',5.00,0),(253,12,3,'2021-06-02 11:21:01','BAR2: MAI TAI',9.00,0),(254,12,4,'2021-05-29 21:54:25','RES3',20.00,0),(255,12,4,'2021-05-19 12:14:51','RES4',20.00,0),(256,12,4,'2021-06-01 23:24:31','RES3',20.00,0),(257,12,4,'2021-06-19 02:17:51','RES1',20.00,0),(258,12,4,'2021-06-05 21:46:00','RES1',20.00,0),(259,13,3,'2021-06-17 07:55:13','BAR6: CUBA LIBRE',8.00,0),(260,13,3,'2021-05-05 15:18:17','BAR1: VODKA',7.00,0),(261,13,3,'2021-05-19 00:10:15','BAR5: RUM',7.00,0),(262,13,3,'2021-05-11 22:46:59','BAR5: WHISKEY',7.00,0),(263,13,3,'2021-05-20 14:29:34','BAR2: MOJITO',9.00,0),(264,13,4,'2021-05-15 21:07:37','RES4',20.00,0),(265,13,4,'2021-05-05 07:36:25','RES1',20.00,0),(266,13,4,'2021-05-22 10:00:45','RES3',20.00,0),(267,13,4,'2021-06-03 19:47:01','RES1',20.00,0),(268,13,4,'2021-06-06 10:52:47','RES2',20.00,0),(269,14,3,'2021-05-14 05:27:40','BAR5: CUBA LIBRE',8.00,0),(270,14,3,'2021-06-09 12:03:22','BAR1: CUBA LIBRE',8.00,0),(271,14,3,'2021-05-14 16:38:13','BAR5: BEER',5.00,0),(272,14,3,'2021-06-06 03:21:57','BAR4: MAI TAI',9.00,0),(273,14,3,'2021-05-03 14:58:38','BAR2: WHISKEY',7.00,0),(274,14,4,'2021-05-07 14:20:20','RES3',20.00,0),(275,14,4,'2021-05-07 23:17:56','RES3',20.00,0),(276,14,4,'2021-06-16 06:42:16','RES2',20.00,0),(277,14,4,'2021-05-24 23:29:21','RES3',20.00,0),(278,14,4,'2021-05-30 14:37:42','RES3',20.00,0),(279,15,3,'2021-05-14 14:05:47','BAR1: MOJITO',9.00,0),(280,15,3,'2021-05-23 15:09:51','BAR6: RUM',7.00,0),(281,15,3,'2021-05-29 15:53:18','BAR6: CUBA LIBRE',8.00,0),(282,15,3,'2021-06-18 06:40:01','BAR1: VODKA',7.00,0),(283,15,3,'2021-05-20 03:01:33','BAR6: MAI TAI',9.00,0),(284,15,4,'2021-06-09 16:30:58','RES3',20.00,0),(285,15,4,'2021-05-09 17:09:12','RES4',20.00,0),(286,15,4,'2021-05-26 10:06:54','RES3',20.00,0),(287,15,4,'2021-05-07 03:12:18','RES2',20.00,0),(288,15,4,'2021-05-23 00:43:49','RES2',20.00,0),(289,15,8,'2021-06-14 16:47:42','HAIR',15.00,0),(290,16,3,'2021-06-04 07:50:55','BAR2: MAI TAI',9.00,0),(291,16,3,'2021-05-11 17:47:42','BAR6: VODKA',7.00,0),(292,16,3,'2021-05-29 19:35:52','BAR4: GIN',7.00,0),(293,16,3,'2021-06-12 09:02:23','BAR2: MOJITO',9.00,0),(294,16,3,'2021-05-16 18:08:08','BAR6: GIN',7.00,0),(295,16,4,'2021-05-24 01:23:06','RES3',20.00,0),(296,16,4,'2021-06-12 22:14:53','RES4',20.00,0),(297,16,4,'2021-05-25 05:43:26','RES2',20.00,0),(298,16,4,'2021-05-05 04:22:41','RES1',20.00,0),(299,16,4,'2021-05-10 15:05:13','RES2',20.00,0),(300,17,3,'2021-06-03 02:25:03','BAR3: BEER',5.00,0),(301,17,3,'2021-06-03 19:22:50','BAR3: TEQUILA',8.00,0),(302,17,3,'2021-05-26 12:07:15','BAR1: WHISKEY',7.00,0),(303,17,3,'2021-06-08 23:43:53','BAR2: MOJITO',9.00,0),(304,17,3,'2021-05-08 17:59:27','BAR3: GIN',7.00,0),(305,17,4,'2021-06-08 02:13:14','RES4',20.00,0),(306,17,4,'2021-06-16 17:14:15','RES2',20.00,0),(307,17,4,'2021-05-23 21:08:43','RES4',20.00,0),(308,17,4,'2021-05-29 11:14:30','RES2',20.00,0),(309,17,4,'2021-05-04 18:33:17','RES1',20.00,0),(310,17,8,'2021-05-05 07:12:38','HAIR',15.00,0),(311,18,3,'2021-06-12 05:00:44','BAR3: MAI TAI',9.00,0),(312,18,3,'2021-05-28 22:39:03','BAR6: MOJITO',9.00,0),(313,18,3,'2021-06-07 16:40:49','BAR6: BEER',5.00,0),(314,18,3,'2021-05-31 09:32:26','BAR3: MOJITO',9.00,0),(315,18,3,'2021-06-11 09:54:56','BAR4: MAI TAI',9.00,0),(316,18,4,'2021-05-19 00:39:11','RES2',20.00,0),(317,18,4,'2021-05-28 04:42:26','RES3',20.00,0),(318,18,4,'2021-06-05 07:37:08','RES1',20.00,0),(319,18,4,'2021-05-13 06:07:56','RES4',20.00,0),(320,18,4,'2021-06-01 06:54:57','RES4',20.00,0),(321,19,3,'2021-06-05 19:47:50','BAR5: CUBA LIBRE',8.00,0),(322,19,3,'2021-06-05 09:00:08','BAR3: CUBA LIBRE',8.00,0),(323,19,3,'2021-05-20 14:46:13','BAR3: WHISKEY',7.00,0),(324,19,3,'2021-05-13 02:13:44','BAR2: MOJITO',9.00,0),(325,19,3,'2021-05-18 14:22:28','BAR1: TEQUILA',8.00,0),(326,19,4,'2021-05-25 02:59:46','RES2',20.00,0),(327,19,4,'2021-06-16 11:47:53','RES3',20.00,0),(328,19,4,'2021-06-21 03:00:58','RES2',20.00,0),(329,19,4,'2021-05-10 13:39:33','RES2',20.00,0),(330,19,4,'2021-06-02 03:51:10','RES2',20.00,0),(331,20,3,'2021-05-26 15:39:29','BAR3: WHISKEY',7.00,0),(332,20,3,'2021-05-22 19:30:24','BAR5: CUBA LIBRE',8.00,0),(333,20,3,'2021-06-09 11:45:29','BAR2: BEER',5.00,0),(334,20,3,'2021-05-13 18:01:02','BAR1: MAI TAI',9.00,0),(335,20,3,'2021-06-05 09:15:09','BAR5: BEER',5.00,0),(336,20,4,'2021-05-13 09:57:52','RES4',20.00,0),(337,20,4,'2021-05-06 14:40:40','RES4',20.00,0),(338,20,4,'2021-05-30 06:13:49','RES1',20.00,0),(339,20,4,'2021-06-12 19:35:46','RES1',20.00,0),(340,20,4,'2021-05-13 17:19:23','RES1',20.00,0),(341,21,3,'2021-05-22 13:10:51','BAR4: TEQUILA',8.00,0),(342,21,3,'2021-06-08 18:35:32','BAR1: GIN',7.00,0),(343,21,3,'2021-06-04 16:35:07','BAR6: GIN',7.00,0),(344,21,3,'2021-06-06 11:54:20','BAR1: CUBA LIBRE',8.00,0),(345,21,3,'2021-05-29 01:05:35','BAR3: BEER',5.00,0),(346,21,4,'2021-06-03 21:33:47','RES2',20.00,0),(347,21,4,'2021-06-03 22:03:23','RES4',20.00,0),(348,21,4,'2021-05-05 21:13:33','RES4',20.00,0),(349,21,4,'2021-05-14 16:59:14','RES4',20.00,0),(350,21,4,'2021-05-28 06:17:48','RES3',20.00,0),(351,21,8,'2021-05-19 11:52:47','HAIR',15.00,0),(352,22,3,'2021-05-30 06:48:10','BAR4: WHISKEY',7.00,0),(353,22,3,'2021-06-13 04:50:34','BAR3: VODKA',7.00,0),(354,22,3,'2021-05-13 22:15:46','BAR4: GIN',7.00,0),(355,22,3,'2021-05-20 18:56:40','BAR4: MAI TAI',9.00,0),(356,22,3,'2021-05-17 16:43:18','BAR6: TEQUILA',8.00,0),(357,22,4,'2021-05-17 21:22:25','RES1',20.00,0),(358,22,4,'2021-06-11 04:14:20','RES4',20.00,0),(359,22,4,'2021-06-08 19:54:14','RES2',20.00,0),(360,22,4,'2021-05-29 19:19:45','RES4',20.00,0),(361,22,4,'2021-05-26 03:05:15','RES4',20.00,0),(362,22,8,'2021-05-31 03:15:36','HAIR',15.00,0),(363,23,3,'2021-05-09 23:54:27','BAR6: MAI TAI',9.00,0),(364,23,3,'2021-06-08 05:42:30','BAR6: GIN',7.00,0),(365,23,3,'2021-05-23 12:49:18','BAR4: CUBA LIBRE',8.00,0),(366,23,3,'2021-05-11 01:32:54','BAR4: MAI TAI',9.00,0),(367,23,3,'2021-05-14 07:45:14','BAR6: RUM',7.00,0),(368,23,4,'2021-06-13 19:20:19','RES1',20.00,0),(369,23,4,'2021-06-05 01:31:35','RES1',20.00,0),(370,23,4,'2021-05-25 10:48:37','RES4',20.00,0),(371,23,4,'2021-06-09 12:17:17','RES4',20.00,0),(372,23,4,'2021-06-05 08:12:52','RES4',20.00,0),(373,24,3,'2021-06-05 08:19:11','BAR5: ZOMBIE',12.00,0),(374,24,3,'2021-05-13 17:36:19','BAR2: ZOMBIE',12.00,0),(375,24,3,'2021-06-12 16:12:34','BAR2: CUBA LIBRE',8.00,0),(376,24,3,'2021-06-16 15:55:36','BAR3: TEQUILA',8.00,0),(377,24,3,'2021-06-12 20:11:01','BAR2: ZOMBIE',12.00,0),(378,24,4,'2021-05-24 14:00:15','RES2',20.00,0),(379,24,4,'2021-06-04 04:34:06','RES1',20.00,0),(380,24,4,'2021-05-26 15:02:45','RES3',20.00,0),(381,24,4,'2021-06-16 03:24:37','RES2',20.00,0),(382,24,4,'2021-06-06 05:53:00','RES4',20.00,0),(383,24,8,'2021-06-19 03:50:08','HAIR',15.00,0),(384,25,3,'2021-05-13 14:38:54','BAR6: ZOMBIE',12.00,0),(385,25,3,'2021-05-07 15:42:02','BAR5: ZOMBIE',12.00,0),(386,25,3,'2021-05-09 20:17:30','BAR1: WHISKEY',7.00,0),(387,25,3,'2021-06-09 23:36:50','BAR6: RUM',7.00,0),(388,25,3,'2021-05-14 23:37:39','BAR2: VODKA',7.00,0),(389,25,4,'2021-06-17 15:29:50','RES4',20.00,0),(390,25,4,'2021-06-08 02:16:43','RES3',20.00,0),(391,25,4,'2021-05-17 11:43:34','RES2',20.00,0),(392,25,4,'2021-05-25 03:21:33','RES3',20.00,0),(393,25,4,'2021-05-14 10:52:23','RES4',20.00,0),(394,25,8,'2021-06-01 18:38:48','HAIR',15.00,0);
/*!40000 ALTER TABLE `use_charge_log` ENABLE KEYS */;
UNLOCK TABLES;

--
-- Temporary table structure for view `uses_per_service`
--

DROP TABLE IF EXISTS `uses_per_service`;
/*!50001 DROP VIEW IF EXISTS `uses_per_service`*/;
SET @saved_cs_client     = @@character_set_client;
SET character_set_client = utf8;
/*!50001 CREATE TABLE `uses_per_service` (
  `service_id` tinyint NOT NULL,
  `service_type` tinyint NOT NULL,
  `total_uses` tinyint NOT NULL
) ENGINE=MyISAM */;
SET character_set_client = @saved_cs_client;

--
-- Table structure for table `visit_log`
--

DROP TABLE IF EXISTS `visit_log`;
/*!40101 SET @saved_cs_client     = @@character_set_client */;
/*!40101 SET character_set_client = utf8 */;
CREATE TABLE `visit_log` (
  `v_log_id` int(11) NOT NULL AUTO_INCREMENT,
  `customer_id` int(10) NOT NULL,
  `place_id` int(10) NOT NULL,
  `timestamp_in` timestamp NOT NULL DEFAULT current_timestamp() ON UPDATE current_timestamp(),
  `timestamp_out` timestamp NULL DEFAULT NULL,
  PRIMARY KEY (`v_log_id`),
  KEY `fk_visit_log_1_idx` (`customer_id`),
  KEY `fk_visit_log_2_idx` (`place_id`),
  KEY `visit_log_time_in_idx` (`timestamp_in`),
  CONSTRAINT `fk_visit_log_1` FOREIGN KEY (`customer_id`) REFERENCES `customers` (`nfc_id`) ON DELETE CASCADE ON UPDATE CASCADE,
  CONSTRAINT `fk_visit_log_2` FOREIGN KEY (`place_id`) REFERENCES `places` (`place_id`) ON DELETE CASCADE ON UPDATE CASCADE
) ENGINE=InnoDB AUTO_INCREMENT=2384 DEFAULT CHARSET=utf8;
/*!40101 SET character_set_client = @saved_cs_client */;

--
-- Dumping data for table `visit_log`
--

LOCK TABLES `visit_log` WRITE;
/*!40000 ALTER TABLE `visit_log` DISABLE KEYS */;
INSERT INTO `visit_log` VALUES (1,1,42,'2021-06-11 21:59:09','2021-06-11 23:50:03'),(2,1,50,'2021-06-11 16:50:35','2021-06-11 17:11:21'),(3,2,36,'2021-05-16 14:51:56','2021-05-16 15:10:23'),(4,2,31,'2021-05-15 00:32:54','2021-05-15 01:52:13'),(5,2,37,'2021-05-15 15:17:05','2021-05-15 15:53:31'),(6,2,40,'2021-05-14 19:49:39','2021-05-14 21:36:52'),(7,3,37,'2021-05-23 15:01:10','2021-05-23 16:00:53'),(8,3,39,'2021-05-21 18:43:02','2021-05-21 19:07:09'),(9,3,48,'2021-05-22 10:51:11','2021-05-22 12:37:35'),(10,3,46,'2021-05-23 04:07:23','2021-05-23 06:01:57'),(11,3,47,'2021-05-24 09:17:55','2021-05-24 09:48:40'),(12,4,28,'2021-05-15 15:18:56','2021-05-15 15:43:39'),(13,4,31,'2021-05-13 05:45:02','2021-05-13 07:12:22'),(14,4,29,'2021-05-15 19:11:50','2021-05-15 19:50:50'),(15,4,38,'2021-05-17 20:01:10','2021-05-17 21:22:29'),(16,4,38,'2021-05-16 16:41:22','2021-05-16 17:30:36'),(17,4,39,'2021-05-15 09:41:41','2021-05-15 10:44:19'),(18,4,46,'2021-05-14 07:17:58','2021-05-14 08:59:21'),(19,4,43,'2021-05-17 16:08:02','2021-05-17 16:24:43'),(20,5,31,'2021-06-11 22:13:34','2021-06-11 22:36:58'),(21,5,34,'2021-06-11 18:19:02','2021-06-11 19:47:21'),(22,5,37,'2021-06-09 08:00:39','2021-06-09 09:54:19'),(23,5,46,'2021-06-10 07:15:34','2021-06-10 09:15:08'),(24,5,45,'2021-06-10 02:03:54','2021-06-10 03:28:43'),(25,5,49,'2021-06-12 21:31:23','2021-06-12 22:29:43'),(26,6,46,'2021-05-21 01:40:57','2021-05-21 02:23:14'),(27,6,45,'2021-05-21 11:55:56','2021-05-21 13:17:46'),(28,6,48,'2021-05-21 01:01:59','2021-05-21 02:52:08'),(29,6,34,'2021-05-21 21:05:55','2021-05-21 21:53:56'),(30,7,49,'2021-05-13 13:52:41','2021-05-13 15:11:42'),(31,7,43,'2021-05-12 01:15:49','2021-05-12 02:20:07'),(32,7,29,'2021-05-12 08:57:23','2021-05-12 09:21:08'),(33,7,36,'2021-05-13 23:40:31','2021-05-14 00:06:04'),(34,7,34,'2021-05-15 11:15:29','2021-05-15 11:26:09'),(35,8,44,'2021-06-10 19:50:59','2021-06-10 21:26:36'),(36,8,36,'2021-06-11 00:07:04','2021-06-11 01:52:52'),(37,9,28,'2021-05-29 22:36:01','2021-05-29 22:45:38'),(38,9,33,'2021-05-30 11:19:30','2021-05-30 12:34:30'),(39,9,34,'2021-05-28 04:55:09','2021-05-28 06:40:56'),(40,9,40,'2021-05-28 08:11:19','2021-05-28 10:08:45'),(41,9,39,'2021-05-31 23:50:21','2021-06-01 01:46:55'),(42,9,38,'2021-05-31 17:39:10','2021-05-31 19:04:19'),(43,9,47,'2021-05-30 18:35:40','2021-05-30 18:48:08'),(44,10,28,'2021-05-09 20:10:23','2021-05-09 21:02:09'),(45,10,27,'2021-05-09 19:07:34','2021-05-09 19:53:02'),(46,10,35,'2021-05-09 20:46:35','2021-05-09 21:49:55'),(47,10,40,'2021-05-11 18:54:14','2021-05-11 20:40:25'),(48,10,45,'2021-05-11 01:04:26','2021-05-11 03:03:19'),(49,11,31,'2021-06-05 10:56:01','2021-06-05 12:45:34'),(50,11,32,'2021-06-05 16:13:14','2021-06-05 18:05:14'),(51,11,30,'2021-06-05 11:22:59','2021-06-05 12:50:02'),(52,11,37,'2021-06-06 03:33:14','2021-06-06 03:39:58'),(53,11,40,'2021-06-08 04:33:56','2021-06-08 06:19:40'),(54,11,40,'2021-06-07 16:41:30','2021-06-07 17:30:20'),(55,11,43,'2021-06-05 12:21:33','2021-06-05 13:19:44'),(56,11,47,'2021-06-07 14:18:37','2021-06-07 15:52:21'),(57,12,40,'2021-05-25 21:48:32','2021-05-25 22:06:20'),(58,12,39,'2021-05-28 22:11:52','2021-05-28 23:26:44'),(59,13,37,'2021-05-26 04:43:38','2021-05-26 05:00:00'),(60,13,39,'2021-05-27 13:30:46','2021-05-27 13:49:47'),(61,13,32,'2021-05-27 06:26:42','2021-05-27 07:42:20'),(62,13,35,'2021-05-25 18:04:31','2021-05-25 19:45:08'),(63,14,27,'2021-06-02 22:24:08','2021-06-03 00:07:16'),(64,14,31,'2021-05-31 23:40:48','2021-06-01 01:29:17'),(65,14,37,'2021-06-01 18:28:24','2021-06-01 19:17:43'),(66,14,49,'2021-06-04 15:50:43','2021-06-04 16:23:47'),(67,15,29,'2021-05-26 17:40:08','2021-05-26 18:32:11'),(68,15,28,'2021-05-27 01:02:24','2021-05-27 01:17:54'),(69,15,34,'2021-05-25 11:55:44','2021-05-25 12:45:16'),(70,15,37,'2021-05-27 08:16:02','2021-05-27 08:54:47'),(71,15,37,'2021-05-27 04:20:29','2021-05-27 05:32:38'),(72,15,48,'2021-05-26 15:58:47','2021-05-26 16:17:34'),(73,15,46,'2021-05-27 20:00:58','2021-05-27 21:42:40'),(74,15,46,'2021-05-25 23:46:19','2021-05-26 01:10:27'),(75,16,34,'2021-05-08 10:10:38','2021-05-08 11:54:49'),(76,17,48,'2021-05-08 21:11:15','2021-05-08 21:28:23'),(77,17,44,'2021-05-05 19:45:16','2021-05-05 21:16:16'),(78,17,42,'2021-05-07 21:15:22','2021-05-07 21:28:47'),(79,18,39,'2021-05-20 21:37:54','2021-05-20 21:49:31'),(80,18,40,'2021-05-22 03:41:05','2021-05-22 05:17:40'),(81,19,32,'2021-05-28 02:51:13','2021-05-28 02:57:28'),(82,19,40,'2021-05-25 19:58:40','2021-05-25 21:48:05'),(83,19,38,'2021-05-27 07:29:15','2021-05-27 07:53:39'),(84,19,45,'2021-05-29 05:32:19','2021-05-29 06:31:23'),(85,20,48,'2021-05-15 22:07:50','2021-05-15 22:57:09'),(86,20,30,'2021-05-15 00:04:59','2021-05-15 01:37:49'),(87,21,29,'2021-05-31 04:58:10','2021-05-31 06:51:22'),(88,21,37,'2021-05-28 16:44:10','2021-05-28 18:28:50'),(89,21,37,'2021-05-31 10:46:32','2021-05-31 12:38:12'),(90,21,39,'2021-05-30 22:00:26','2021-05-30 23:25:57'),(91,22,39,'2021-06-03 04:09:05','2021-06-03 04:46:05'),(92,22,37,'2021-06-01 16:17:45','2021-06-01 17:32:28'),(93,22,40,'2021-05-31 23:09:38','2021-05-31 23:51:33'),(94,22,43,'2021-06-03 12:05:52','2021-06-03 12:48:21'),(95,23,33,'2021-05-17 18:37:25','2021-05-17 19:56:01'),(96,23,27,'2021-05-20 10:24:02','2021-05-20 12:05:18'),(97,23,40,'2021-05-19 08:16:56','2021-05-19 10:08:47'),(98,23,37,'2021-05-19 18:33:27','2021-05-19 18:50:29'),(99,23,41,'2021-05-22 14:29:34','2021-05-22 15:59:35'),(100,23,49,'2021-05-22 14:53:59','2021-05-22 16:26:18'),(101,23,50,'2021-05-21 02:39:20','2021-05-21 03:26:43'),(102,24,45,'2021-05-30 07:21:03','2021-05-30 08:27:30'),(103,24,49,'2021-05-30 01:18:29','2021-05-30 02:54:20'),(104,24,37,'2021-05-29 19:34:52','2021-05-29 20:22:42'),(105,24,37,'2021-05-28 13:21:13','2021-05-28 14:27:48'),(106,25,50,'2021-05-20 17:20:33','2021-05-20 18:30:02'),(107,1,54,'2021-06-18 15:43:59','2021-06-19 03:27:15'),(108,1,54,'2021-05-05 23:45:29','2021-05-06 07:16:06'),(109,1,54,'2021-05-22 17:41:19','2021-05-23 14:07:43'),(110,1,54,'2021-05-06 19:58:46','2021-05-07 19:33:08'),(111,1,54,'2021-06-19 16:00:28','2021-06-19 23:11:50'),(112,1,54,'2021-05-28 07:41:17','2021-05-29 05:45:35'),(113,1,54,'2021-05-24 17:58:15','2021-05-25 17:26:39'),(114,1,54,'2021-05-21 20:51:38','2021-05-22 17:07:55'),(115,1,54,'2021-05-20 08:40:35','2021-05-20 23:03:55'),(116,1,54,'2021-06-08 10:11:49','2021-06-08 21:58:45'),(117,1,54,'2021-05-10 19:03:02','2021-05-11 03:21:17'),(118,1,54,'2021-05-06 14:25:37','2021-05-07 12:17:45'),(119,1,54,'2021-05-16 06:21:13','2021-05-17 08:03:05'),(120,1,54,'2021-05-13 04:39:09','2021-05-13 13:42:24'),(121,1,54,'2021-06-10 02:44:38','2021-06-10 17:04:48'),(122,1,54,'2021-05-20 00:29:42','2021-05-20 13:21:41'),(123,1,54,'2021-05-31 09:01:25','2021-05-31 23:57:01'),(124,1,54,'2021-06-19 22:15:59','2021-06-20 02:40:19'),(125,1,54,'2021-06-18 16:26:16','2021-06-19 10:33:05'),(126,1,54,'2021-05-20 11:04:19','2021-05-21 00:13:20'),(127,1,54,'2021-05-19 11:37:33','2021-05-20 07:42:46'),(128,1,54,'2021-05-06 17:42:32','2021-05-07 09:08:08'),(129,1,54,'2021-05-19 18:24:23','2021-05-20 10:04:32'),(130,1,54,'2021-06-10 05:03:26','2021-06-10 18:50:32'),(131,1,54,'2021-05-14 11:38:05','2021-05-15 12:45:28'),(132,1,54,'2021-05-07 02:20:37','2021-05-07 21:33:07'),(133,1,54,'2021-05-04 07:08:55','2021-05-04 20:14:14'),(134,1,54,'2021-05-23 23:54:46','2021-05-24 18:08:48'),(135,1,54,'2021-06-01 09:03:53','2021-06-02 09:10:19'),(136,1,54,'2021-05-19 07:07:37','2021-05-20 00:12:20'),(137,1,11,'2021-06-06 00:49:13','2021-06-06 00:50:10'),(138,1,13,'2021-05-25 13:06:56','2021-05-25 13:08:26'),(139,1,14,'2021-05-06 18:28:37','2021-05-06 18:29:20'),(140,1,14,'2021-06-18 22:45:05','2021-06-18 22:46:33'),(141,1,12,'2021-06-13 18:54:04','2021-06-13 18:54:33'),(142,1,11,'2021-06-08 01:57:56','2021-06-08 01:58:42'),(143,1,14,'2021-05-14 13:59:44','2021-05-14 14:00:09'),(144,1,13,'2021-05-07 08:24:19','2021-05-07 08:24:45'),(145,1,14,'2021-06-12 14:20:37','2021-06-12 14:21:35'),(146,1,13,'2021-06-16 03:15:36','2021-06-16 03:16:27'),(147,1,14,'2021-06-18 08:08:27','2021-06-18 08:09:55'),(148,1,13,'2021-06-10 17:23:37','2021-06-10 17:24:42'),(149,1,13,'2021-06-03 22:35:53','2021-06-03 22:36:54'),(150,1,14,'2021-06-15 01:58:10','2021-06-15 01:59:47'),(151,1,11,'2021-05-22 17:48:44','2021-05-22 17:49:33'),(152,1,14,'2021-06-01 10:08:46','2021-06-01 10:10:21'),(153,1,14,'2021-06-14 03:41:29','2021-06-14 03:42:11'),(154,1,13,'2021-05-11 17:59:23','2021-05-11 18:00:56'),(155,1,13,'2021-05-14 03:51:40','2021-05-14 03:52:59'),(156,1,12,'2021-05-30 17:31:30','2021-05-30 17:32:38'),(157,1,14,'2021-05-26 19:11:47','2021-05-26 19:13:15'),(158,1,14,'2021-06-09 02:48:30','2021-06-09 02:49:47'),(159,1,15,'2021-05-14 17:41:46','2021-05-14 17:42:19'),(160,1,14,'2021-05-14 00:01:06','2021-05-14 00:01:27'),(161,1,13,'2021-05-22 21:08:15','2021-05-22 21:09:38'),(162,1,11,'2021-06-19 03:06:50','2021-06-19 03:07:17'),(163,1,14,'2021-06-07 07:42:08','2021-06-07 07:43:41'),(164,1,11,'2021-05-30 15:28:14','2021-05-30 15:29:30'),(165,1,14,'2021-05-13 21:34:53','2021-05-13 21:36:01'),(166,1,11,'2021-05-24 23:20:05','2021-05-24 23:20:49'),(167,1,12,'2021-05-21 21:59:02','2021-05-21 22:00:34'),(168,1,13,'2021-05-16 10:25:27','2021-05-16 10:26:42'),(169,1,14,'2021-05-29 03:52:27','2021-05-29 03:53:12'),(170,1,15,'2021-05-27 17:05:36','2021-05-27 17:06:12'),(171,1,12,'2021-05-26 20:05:16','2021-05-26 20:05:59'),(172,1,15,'2021-05-30 10:34:55','2021-05-30 10:35:34'),(173,1,15,'2021-05-06 00:34:22','2021-05-06 00:35:29'),(174,1,11,'2021-06-16 04:30:36','2021-06-16 04:31:59'),(175,1,13,'2021-06-05 09:27:53','2021-06-05 09:28:40'),(176,1,15,'2021-06-09 00:23:32','2021-06-09 00:24:55'),(177,1,15,'2021-05-24 13:21:30','2021-05-24 13:22:44'),(178,1,11,'2021-05-18 17:43:35','2021-05-18 17:44:19'),(179,1,14,'2021-06-05 10:02:15','2021-06-05 10:03:12'),(180,1,15,'2021-06-05 16:39:02','2021-06-05 16:39:33'),(181,1,11,'2021-06-18 11:44:23','2021-06-18 11:45:33'),(182,1,13,'2021-05-13 04:55:55','2021-05-13 04:56:52'),(183,1,12,'2021-05-16 02:14:17','2021-05-16 02:14:50'),(184,1,12,'2021-05-17 03:14:22','2021-05-17 03:15:37'),(185,1,13,'2021-06-18 13:31:57','2021-06-18 13:32:31'),(186,1,11,'2021-06-09 11:12:53','2021-06-09 11:14:00'),(187,1,25,'2021-06-14 15:14:49','2021-06-14 15:56:49'),(188,1,21,'2021-05-22 19:51:23','2021-05-22 20:36:23'),(189,1,20,'2021-06-05 12:37:32','2021-06-05 14:37:32'),(190,1,20,'2021-05-24 22:45:21','2021-05-25 00:22:21'),(191,1,24,'2021-05-20 07:31:41','2021-05-20 08:56:41'),(192,1,17,'2021-05-27 15:06:48','2021-05-27 16:33:48'),(193,1,17,'2021-05-28 21:45:51','2021-05-28 22:28:51'),(194,1,18,'2021-05-04 00:38:52','2021-05-04 02:22:52'),(195,1,19,'2021-05-08 21:35:08','2021-05-08 23:03:08'),(196,1,18,'2021-05-17 02:58:49','2021-05-17 03:47:49'),(197,1,26,'2021-06-08 12:59:48','2021-05-17 01:00:22'),(198,2,94,'2021-05-09 18:35:16','2021-05-10 19:03:08'),(199,2,94,'2021-05-09 07:22:41','2021-05-10 00:46:38'),(200,2,94,'2021-06-06 21:21:22','2021-06-07 15:55:29'),(201,2,94,'2021-05-10 15:19:48','2021-05-10 21:38:28'),(202,2,94,'2021-06-12 10:25:52','2021-06-13 14:35:11'),(203,2,94,'2021-05-04 11:01:03','2021-05-05 11:01:16'),(204,2,94,'2021-06-15 21:42:51','2021-06-16 05:54:59'),(205,2,94,'2021-05-31 19:26:46','2021-06-01 12:39:47'),(206,2,94,'2021-06-12 23:29:55','2021-06-13 12:21:52'),(207,2,94,'2021-05-16 07:46:17','2021-05-16 19:17:32'),(208,2,94,'2021-05-11 12:29:15','2021-05-11 20:32:11'),(209,2,94,'2021-05-19 19:09:06','2021-05-20 04:49:30'),(210,2,94,'2021-06-13 13:48:00','2021-06-14 09:25:45'),(211,2,94,'2021-05-13 14:48:10','2021-05-14 09:24:42'),(212,2,94,'2021-06-08 02:35:44','2021-06-09 00:44:31'),(213,2,94,'2021-05-28 16:06:31','2021-05-29 20:13:07'),(214,2,94,'2021-06-15 01:25:46','2021-06-16 02:37:34'),(215,2,94,'2021-06-13 02:23:16','2021-06-13 06:05:55'),(216,2,94,'2021-06-02 14:14:54','2021-06-03 07:03:13'),(217,2,94,'2021-06-17 17:55:40','2021-06-17 22:15:45'),(218,2,94,'2021-05-18 23:58:59','2021-05-19 21:04:05'),(219,2,94,'2021-05-25 21:03:39','2021-05-26 09:10:18'),(220,2,94,'2021-06-12 06:50:51','2021-06-12 17:49:11'),(221,2,94,'2021-06-18 14:52:09','2021-06-18 23:48:34'),(222,2,94,'2021-05-09 13:10:47','2021-05-09 21:30:09'),(223,2,94,'2021-06-02 00:12:35','2021-06-03 05:42:33'),(224,2,94,'2021-05-08 22:47:45','2021-05-09 19:44:24'),(225,2,94,'2021-05-21 03:39:56','2021-05-21 18:57:46'),(226,2,94,'2021-05-27 15:45:43','2021-05-28 17:47:09'),(227,2,94,'2021-05-30 03:17:09','2021-05-30 23:22:56'),(228,2,14,'2021-05-20 04:35:05','2021-05-20 04:36:44'),(229,2,13,'2021-06-05 12:52:16','2021-06-05 12:53:43'),(230,2,13,'2021-06-12 08:36:05','2021-06-12 08:37:37'),(231,2,14,'2021-05-12 22:17:16','2021-05-12 22:18:37'),(232,2,11,'2021-06-15 03:56:36','2021-06-15 03:57:20'),(233,2,11,'2021-05-14 16:49:02','2021-05-14 16:50:05'),(234,2,15,'2021-06-05 09:21:04','2021-06-05 09:22:03'),(235,2,11,'2021-05-25 09:29:45','2021-05-25 09:31:03'),(236,2,14,'2021-06-15 02:12:37','2021-06-15 02:13:20'),(237,2,12,'2021-05-06 03:12:54','2021-05-06 03:13:41'),(238,2,11,'2021-06-10 18:38:31','2021-06-10 18:39:54'),(239,2,11,'2021-05-05 17:12:46','2021-05-05 17:13:08'),(240,2,12,'2021-05-29 17:30:55','2021-05-29 17:32:16'),(241,2,13,'2021-06-03 11:44:11','2021-06-03 11:44:49'),(242,2,12,'2021-05-15 08:02:22','2021-05-15 08:03:24'),(243,2,15,'2021-05-11 08:27:46','2021-05-11 08:28:45'),(244,2,15,'2021-05-20 18:41:52','2021-05-20 18:42:47'),(245,2,11,'2021-06-02 01:20:56','2021-06-02 01:21:41'),(246,2,15,'2021-06-09 00:18:12','2021-06-09 00:19:24'),(247,2,11,'2021-05-31 20:54:27','2021-05-31 20:55:34'),(248,2,11,'2021-05-20 14:05:45','2021-05-20 14:06:16'),(249,2,15,'2021-05-19 08:12:59','2021-05-19 08:14:31'),(250,2,11,'2021-06-14 13:05:21','2021-06-14 13:05:56'),(251,2,14,'2021-05-28 21:24:45','2021-05-28 21:26:15'),(252,2,13,'2021-06-06 20:19:40','2021-06-06 20:21:02'),(253,2,13,'2021-05-23 07:27:50','2021-05-23 07:29:14'),(254,2,11,'2021-06-06 23:41:26','2021-06-06 23:42:49'),(255,2,13,'2021-05-12 17:53:27','2021-05-12 17:55:00'),(256,2,12,'2021-05-12 22:38:52','2021-05-12 22:39:46'),(257,2,14,'2021-05-22 15:39:12','2021-05-22 15:40:09'),(258,2,14,'2021-05-22 15:15:59','2021-05-22 15:16:50'),(259,2,11,'2021-05-21 23:57:05','2021-05-21 23:58:34'),(260,2,14,'2021-05-30 00:52:11','2021-05-30 00:53:30'),(261,2,15,'2021-05-25 13:34:30','2021-05-25 13:35:34'),(262,2,12,'2021-05-21 07:50:56','2021-05-21 07:51:20'),(263,2,15,'2021-05-06 02:24:33','2021-05-06 02:25:11'),(264,2,15,'2021-05-04 13:50:57','2021-05-04 13:52:22'),(265,2,15,'2021-05-29 06:33:07','2021-05-29 06:34:32'),(266,2,12,'2021-05-16 16:30:47','2021-05-16 16:31:15'),(267,2,12,'2021-05-30 02:55:44','2021-05-30 02:56:05'),(268,2,12,'2021-05-31 07:26:25','2021-05-31 07:26:47'),(269,2,11,'2021-06-16 22:24:33','2021-06-16 22:26:01'),(270,2,15,'2021-05-24 19:53:34','2021-05-24 19:54:52'),(271,2,13,'2021-06-18 20:41:51','2021-06-18 20:42:13'),(272,2,15,'2021-06-01 08:53:15','2021-06-01 08:53:57'),(273,2,15,'2021-05-03 23:57:02','2021-05-03 23:58:08'),(274,2,15,'2021-06-09 05:07:14','2021-06-09 05:08:26'),(275,2,13,'2021-05-08 22:53:33','2021-05-08 22:54:55'),(276,2,13,'2021-05-13 09:53:56','2021-05-13 09:55:33'),(277,2,14,'2021-05-08 19:20:41','2021-05-08 19:21:08'),(278,2,20,'2021-05-12 01:53:26','2021-05-12 03:37:26'),(279,2,23,'2021-06-01 00:40:45','2021-06-01 02:21:45'),(280,2,20,'2021-06-15 12:36:53','2021-06-15 13:40:53'),(281,2,22,'2021-05-26 12:32:06','2021-05-26 13:02:06'),(282,2,21,'2021-05-07 14:37:15','2021-05-07 16:25:15'),(283,2,16,'2021-05-23 16:55:51','2021-05-23 17:27:51'),(284,2,16,'2021-05-09 17:50:46','2021-05-09 18:00:46'),(285,2,19,'2021-05-05 15:25:37','2021-05-05 17:25:37'),(286,2,19,'2021-05-15 20:19:44','2021-05-15 21:37:44'),(287,2,16,'2021-06-02 11:54:31','2021-06-02 13:43:31'),(288,3,94,'2021-06-07 16:58:52','2021-06-07 21:59:07'),(289,3,94,'2021-06-11 18:26:36','2021-06-12 05:59:07'),(290,3,94,'2021-05-08 19:23:09','2021-05-09 15:06:04'),(291,3,94,'2021-05-16 00:04:47','2021-05-16 16:41:51'),(292,3,94,'2021-06-11 14:31:37','2021-06-12 17:39:56'),(293,3,94,'2021-06-11 07:27:06','2021-06-12 11:02:56'),(294,3,94,'2021-06-12 20:17:34','2021-06-13 05:14:21'),(295,3,94,'2021-05-30 19:52:03','2021-05-31 19:27:26'),(296,3,94,'2021-05-28 19:28:52','2021-05-29 06:13:01'),(297,3,94,'2021-06-11 02:35:28','2021-06-11 23:09:23'),(298,3,94,'2021-05-04 23:50:40','2021-05-05 09:33:10'),(299,3,94,'2021-06-10 15:01:36','2021-06-11 10:41:29'),(300,3,94,'2021-05-15 16:54:03','2021-05-16 11:02:33'),(301,3,94,'2021-06-10 17:29:30','2021-06-11 11:55:44'),(302,3,94,'2021-05-24 22:43:28','2021-05-25 13:11:49'),(303,3,94,'2021-06-10 00:08:13','2021-06-11 08:25:08'),(304,3,94,'2021-06-11 22:10:21','2021-06-12 09:54:01'),(305,3,94,'2021-05-06 14:34:31','2021-05-07 05:20:20'),(306,3,94,'2021-06-09 08:56:10','2021-06-10 10:52:51'),(307,3,94,'2021-05-03 16:13:38','2021-05-04 06:38:46'),(308,3,94,'2021-05-16 05:24:48','2021-05-16 15:31:17'),(309,3,94,'2021-06-01 10:13:01','2021-06-02 14:36:50'),(310,3,94,'2021-05-08 09:43:16','2021-05-08 19:31:01'),(311,3,94,'2021-05-17 06:56:42','2021-05-17 18:57:57'),(312,3,94,'2021-05-27 21:42:20','2021-05-28 20:22:46'),(313,3,94,'2021-05-16 08:15:07','2021-05-17 10:04:02'),(314,3,94,'2021-05-24 04:27:21','2021-05-25 02:37:15'),(315,3,94,'2021-05-08 15:40:42','2021-05-09 10:22:13'),(316,3,94,'2021-06-02 16:42:23','2021-06-03 00:27:56'),(317,3,94,'2021-06-16 13:33:32','2021-06-17 19:19:56'),(318,3,12,'2021-05-07 23:37:43','2021-05-07 23:38:43'),(319,3,11,'2021-05-26 10:06:26','2021-05-26 10:07:28'),(320,3,12,'2021-06-12 18:23:21','2021-06-12 18:24:00'),(321,3,12,'2021-05-12 17:36:30','2021-05-12 17:37:31'),(322,3,13,'2021-05-24 00:07:58','2021-05-24 00:08:29'),(323,3,12,'2021-05-08 23:34:50','2021-05-08 23:36:26'),(324,3,11,'2021-05-20 13:03:53','2021-05-20 13:04:53'),(325,3,12,'2021-05-19 13:36:41','2021-05-19 13:37:05'),(326,3,13,'2021-06-17 12:45:13','2021-06-17 12:45:55'),(327,3,11,'2021-05-31 22:30:46','2021-05-31 22:31:18'),(328,3,12,'2021-06-03 06:26:23','2021-06-03 06:27:10'),(329,3,13,'2021-06-05 01:37:59','2021-06-05 01:39:09'),(330,3,15,'2021-05-18 19:04:50','2021-05-18 19:06:18'),(331,3,14,'2021-06-12 07:58:31','2021-06-12 08:00:11'),(332,3,12,'2021-05-22 18:48:19','2021-05-22 18:49:23'),(333,3,11,'2021-05-17 22:42:03','2021-05-17 22:43:02'),(334,3,14,'2021-05-30 10:05:16','2021-05-30 10:06:10'),(335,3,11,'2021-06-07 03:51:36','2021-06-07 03:52:16'),(336,3,15,'2021-05-28 01:07:15','2021-05-28 01:08:41'),(337,3,15,'2021-05-23 18:56:22','2021-05-23 18:57:25'),(338,3,15,'2021-05-23 17:46:51','2021-05-23 17:48:05'),(339,3,14,'2021-05-22 14:11:06','2021-05-22 14:11:58'),(340,3,13,'2021-05-12 01:34:43','2021-05-12 01:36:03'),(341,3,14,'2021-05-30 22:33:40','2021-05-30 22:34:41'),(342,3,14,'2021-06-03 07:29:39','2021-06-03 07:30:03'),(343,3,12,'2021-05-20 08:38:49','2021-05-20 08:40:14'),(344,3,13,'2021-06-11 01:07:14','2021-06-11 01:07:46'),(345,3,15,'2021-05-24 16:25:11','2021-05-24 16:25:46'),(346,3,11,'2021-05-13 14:53:02','2021-05-13 14:54:12'),(347,3,13,'2021-05-23 22:25:05','2021-05-23 22:25:54'),(348,3,13,'2021-06-07 10:17:07','2021-06-07 10:17:43'),(349,3,11,'2021-05-04 01:29:45','2021-05-04 01:31:05'),(350,3,15,'2021-05-08 13:36:52','2021-05-08 13:38:23'),(351,3,11,'2021-05-21 02:15:53','2021-05-21 02:17:12'),(352,3,11,'2021-05-17 23:41:32','2021-05-17 23:42:54'),(353,3,13,'2021-05-16 10:53:54','2021-05-16 10:55:05'),(354,3,12,'2021-06-13 16:34:45','2021-06-13 16:35:36'),(355,3,12,'2021-05-17 08:07:18','2021-05-17 08:08:46'),(356,3,15,'2021-05-24 19:31:43','2021-05-24 19:33:03'),(357,3,13,'2021-05-22 13:19:32','2021-05-22 13:21:12'),(358,3,13,'2021-05-17 20:15:15','2021-05-17 20:15:51'),(359,3,12,'2021-06-04 18:21:28','2021-06-04 18:22:05'),(360,3,11,'2021-05-04 18:43:36','2021-05-04 18:44:58'),(361,3,12,'2021-05-05 14:22:09','2021-05-05 14:22:57'),(362,3,11,'2021-05-30 01:55:48','2021-05-30 01:57:03'),(363,3,15,'2021-05-14 11:16:49','2021-05-14 11:18:15'),(364,3,12,'2021-05-17 16:49:01','2021-05-17 16:50:34'),(365,3,11,'2021-05-29 11:22:34','2021-05-29 11:24:08'),(366,3,13,'2021-06-04 11:26:49','2021-06-04 11:27:44'),(367,3,11,'2021-06-04 01:56:50','2021-06-04 01:58:26'),(368,3,21,'2021-05-23 09:28:09','2021-05-23 11:07:09'),(369,3,20,'2021-06-01 18:00:09','2021-06-01 19:18:09'),(370,3,22,'2021-06-02 16:20:22','2021-06-02 17:45:22'),(371,3,22,'2021-06-14 06:58:05','2021-06-14 08:24:05'),(372,3,23,'2021-05-24 08:57:16','2021-05-24 09:50:16'),(373,3,19,'2021-06-14 04:15:06','2021-06-14 05:04:06'),(374,3,18,'2021-05-12 07:44:42','2021-05-12 08:46:42'),(375,3,16,'2021-05-08 06:54:41','2021-05-08 08:48:41'),(376,3,19,'2021-06-13 03:37:22','2021-06-13 05:13:22'),(377,3,17,'2021-05-28 11:53:27','2021-05-28 13:06:27'),(378,3,51,'2021-05-21 05:23:00','2021-05-21 05:36:00'),(379,3,26,'2021-05-21 05:23:00','2021-05-07 23:39:20'),(380,4,94,'2021-06-08 14:41:04','2021-06-09 10:29:31'),(381,4,94,'2021-05-20 08:25:38','2021-05-21 02:25:27'),(382,4,94,'2021-05-13 01:18:44','2021-05-14 02:05:33'),(383,4,94,'2021-05-27 23:32:29','2021-05-28 21:36:32'),(384,4,94,'2021-05-11 07:32:45','2021-05-12 05:25:00'),(385,4,94,'2021-05-14 06:55:57','2021-05-15 05:50:51'),(386,4,94,'2021-05-20 11:40:10','2021-05-21 02:01:09'),(387,4,94,'2021-06-18 01:51:44','2021-06-18 14:42:02'),(388,4,94,'2021-05-25 22:28:18','2021-05-26 16:16:24'),(389,4,94,'2021-05-18 11:58:13','2021-05-18 20:34:02'),(390,4,94,'2021-05-27 00:09:15','2021-05-27 11:03:50'),(391,4,94,'2021-06-18 06:12:30','2021-06-18 22:22:33'),(392,4,94,'2021-05-25 01:44:49','2021-05-25 08:27:03'),(393,4,94,'2021-06-06 03:10:14','2021-06-07 09:27:43'),(394,4,94,'2021-05-12 12:06:35','2021-05-13 17:25:13'),(395,4,94,'2021-05-18 20:34:52','2021-05-19 19:20:11'),(396,4,94,'2021-06-11 04:26:48','2021-06-12 04:33:26'),(397,4,94,'2021-05-06 02:24:22','2021-05-06 22:34:02'),(398,4,94,'2021-06-02 20:50:03','2021-06-03 16:24:00'),(399,4,94,'2021-05-28 17:48:25','2021-05-28 22:48:45'),(400,4,94,'2021-06-15 20:32:49','2021-06-16 19:29:18'),(401,4,94,'2021-05-28 15:43:52','2021-05-29 09:50:57'),(402,4,94,'2021-05-24 23:14:01','2021-05-25 18:05:34'),(403,4,94,'2021-06-09 07:31:44','2021-06-09 12:00:30'),(404,4,94,'2021-05-31 09:24:51','2021-05-31 16:57:57'),(405,4,94,'2021-05-28 09:02:55','2021-05-28 18:14:03'),(406,4,94,'2021-05-03 16:57:36','2021-05-04 11:36:10'),(407,4,94,'2021-05-13 18:50:25','2021-05-14 19:06:34'),(408,4,94,'2021-06-15 21:17:52','2021-06-16 18:59:01'),(409,4,94,'2021-05-16 00:44:44','2021-05-16 03:10:40'),(410,4,12,'2021-05-10 13:09:08','2021-05-10 13:10:22'),(411,4,12,'2021-05-22 23:08:19','2021-05-22 23:09:11'),(412,4,14,'2021-05-21 03:01:40','2021-05-21 03:02:06'),(413,4,13,'2021-05-09 15:53:34','2021-05-09 15:54:25'),(414,4,14,'2021-05-03 16:28:05','2021-05-03 16:29:01'),(415,4,11,'2021-06-13 14:27:03','2021-06-13 14:28:06'),(416,4,15,'2021-05-14 21:27:57','2021-05-14 21:29:04'),(417,4,15,'2021-05-09 21:52:57','2021-05-09 21:53:42'),(418,4,13,'2021-06-13 16:11:03','2021-06-13 16:11:51'),(419,4,14,'2021-06-04 10:46:48','2021-06-04 10:47:13'),(420,4,13,'2021-05-17 08:02:34','2021-05-17 08:04:02'),(421,4,11,'2021-05-23 05:07:27','2021-05-23 05:08:54'),(422,4,15,'2021-06-16 14:40:04','2021-06-16 14:40:49'),(423,4,15,'2021-05-24 05:35:39','2021-05-24 05:36:54'),(424,4,12,'2021-05-19 15:28:34','2021-05-19 15:29:33'),(425,4,11,'2021-06-16 06:36:33','2021-06-16 06:38:00'),(426,4,15,'2021-05-05 14:25:43','2021-05-05 14:26:16'),(427,4,14,'2021-05-30 05:59:32','2021-05-30 06:00:52'),(428,4,15,'2021-05-28 12:26:04','2021-05-28 12:27:42'),(429,4,11,'2021-05-10 04:19:14','2021-05-10 04:19:59'),(430,4,11,'2021-05-19 19:27:57','2021-05-19 19:29:05'),(431,4,13,'2021-06-16 18:04:47','2021-06-16 18:05:16'),(432,4,12,'2021-06-04 00:38:35','2021-06-04 00:40:07'),(433,4,12,'2021-05-12 19:14:05','2021-05-12 19:14:42'),(434,4,15,'2021-05-07 17:30:22','2021-05-07 17:31:55'),(435,4,14,'2021-05-03 21:50:05','2021-05-03 21:50:39'),(436,4,15,'2021-06-15 17:18:33','2021-06-15 17:18:56'),(437,4,12,'2021-06-13 19:36:44','2021-06-13 19:38:02'),(438,4,12,'2021-05-14 11:08:18','2021-05-14 11:08:49'),(439,4,13,'2021-06-15 13:32:20','2021-06-15 13:33:13'),(440,4,11,'2021-05-21 07:26:13','2021-05-21 07:26:45'),(441,4,11,'2021-05-17 08:54:39','2021-05-17 08:55:47'),(442,4,14,'2021-05-11 22:40:42','2021-05-11 22:41:19'),(443,4,13,'2021-06-13 14:37:22','2021-06-13 14:37:50'),(444,4,12,'2021-05-03 13:30:51','2021-05-03 13:32:18'),(445,4,15,'2021-05-09 11:07:50','2021-05-09 11:08:23'),(446,4,15,'2021-05-06 15:56:56','2021-05-06 15:57:29'),(447,4,14,'2021-06-05 07:53:39','2021-06-05 07:54:06'),(448,4,15,'2021-05-16 08:52:35','2021-05-16 08:53:15'),(449,4,12,'2021-06-01 01:18:49','2021-06-01 01:20:19'),(450,4,12,'2021-05-11 08:31:50','2021-05-11 08:32:57'),(451,4,11,'2021-05-11 04:12:11','2021-05-11 04:13:25'),(452,4,13,'2021-06-12 18:45:56','2021-06-12 18:46:20'),(453,4,13,'2021-05-18 13:50:37','2021-05-18 13:51:15'),(454,4,15,'2021-06-09 13:13:44','2021-06-09 13:14:44'),(455,4,12,'2021-05-30 02:15:39','2021-05-30 02:16:50'),(456,4,12,'2021-05-08 18:14:56','2021-05-08 18:15:35'),(457,4,12,'2021-06-08 13:29:20','2021-06-08 13:30:34'),(458,4,14,'2021-06-08 02:13:11','2021-06-08 02:14:42'),(459,4,14,'2021-05-24 09:22:17','2021-05-24 09:23:03'),(460,4,25,'2021-05-11 16:31:21','2021-05-11 18:29:21'),(461,4,25,'2021-06-12 12:35:38','2021-06-12 12:56:38'),(462,4,22,'2021-05-04 06:56:17','2021-05-04 08:46:17'),(463,4,20,'2021-05-16 17:41:55','2021-05-16 19:22:55'),(464,4,23,'2021-06-05 03:21:20','2021-06-05 04:36:20'),(465,4,19,'2021-06-07 04:44:13','2021-06-07 05:30:13'),(466,4,16,'2021-05-07 03:27:20','2021-05-07 04:29:20'),(467,4,16,'2021-05-18 17:27:39','2021-05-18 18:46:39'),(468,4,18,'2021-06-14 21:12:49','2021-06-14 22:40:49'),(469,4,18,'2021-05-16 08:47:14','2021-05-16 09:24:14'),(470,4,51,'2021-05-07 14:43:59','2021-05-07 15:22:59'),(471,5,66,'2021-05-17 03:02:18','2021-05-17 18:14:29'),(472,5,66,'2021-05-20 13:11:31','2021-05-21 10:47:02'),(473,5,66,'2021-05-28 03:26:21','2021-05-28 05:55:45'),(474,5,66,'2021-05-26 17:11:55','2021-05-26 23:33:19'),(475,5,66,'2021-05-22 08:39:47','2021-05-22 11:35:50'),(476,5,66,'2021-05-27 04:55:22','2021-05-28 02:12:15'),(477,5,66,'2021-05-11 03:14:43','2021-05-11 18:39:42'),(478,5,66,'2021-06-16 17:38:25','2021-06-17 06:54:55'),(479,5,66,'2021-06-08 17:37:13','2021-06-09 14:26:32'),(480,5,66,'2021-06-05 12:39:38','2021-06-06 12:32:08'),(481,5,66,'2021-05-10 07:10:40','2021-05-11 08:02:13'),(482,5,66,'2021-05-14 10:12:12','2021-05-15 03:43:12'),(483,5,66,'2021-05-30 04:05:47','2021-05-30 05:17:30'),(484,5,66,'2021-05-15 20:32:29','2021-05-16 19:59:38'),(485,5,66,'2021-05-22 01:55:54','2021-05-23 03:39:12'),(486,5,66,'2021-05-20 22:05:58','2021-05-21 06:24:45'),(487,5,66,'2021-05-26 19:43:45','2021-05-27 08:14:01'),(488,5,66,'2021-05-11 22:12:18','2021-05-12 14:55:54'),(489,5,66,'2021-06-05 06:00:26','2021-06-06 01:28:57'),(490,5,66,'2021-05-17 10:37:50','2021-05-17 20:54:15'),(491,5,66,'2021-06-15 03:52:00','2021-06-15 09:47:37'),(492,5,66,'2021-05-16 21:37:11','2021-05-17 13:49:56'),(493,5,66,'2021-06-05 10:22:52','2021-06-05 21:23:55'),(494,5,66,'2021-06-02 22:33:40','2021-06-03 05:22:16'),(495,5,66,'2021-05-12 05:38:31','2021-05-13 04:02:57'),(496,5,66,'2021-06-04 19:42:48','2021-06-05 11:18:09'),(497,5,66,'2021-06-13 02:29:50','2021-06-13 04:36:28'),(498,5,66,'2021-05-23 06:40:39','2021-05-23 10:55:56'),(499,5,66,'2021-06-18 06:05:49','2021-06-18 21:04:08'),(500,5,66,'2021-06-14 06:12:03','2021-06-14 10:54:40'),(501,5,14,'2021-05-20 12:11:46','2021-05-20 12:13:18'),(502,5,12,'2021-05-07 11:35:27','2021-05-07 11:36:44'),(503,5,14,'2021-06-17 22:18:16','2021-06-17 22:19:04'),(504,5,14,'2021-05-20 12:55:57','2021-05-20 12:56:27'),(505,5,13,'2021-05-18 17:13:00','2021-05-18 17:13:38'),(506,5,12,'2021-05-30 13:59:13','2021-05-30 14:00:17'),(507,5,12,'2021-05-08 11:31:54','2021-05-08 11:33:09'),(508,5,12,'2021-06-03 01:26:22','2021-06-03 01:27:03'),(509,5,15,'2021-06-14 08:37:19','2021-06-14 08:38:20'),(510,5,14,'2021-06-04 10:00:17','2021-06-04 10:01:40'),(511,5,15,'2021-06-04 15:11:47','2021-06-04 15:12:59'),(512,5,15,'2021-05-10 14:39:58','2021-05-10 14:41:31'),(513,5,11,'2021-06-17 23:54:01','2021-06-17 23:55:38'),(514,5,13,'2021-05-06 14:26:53','2021-05-06 14:27:54'),(515,5,14,'2021-06-05 12:33:39','2021-06-05 12:35:14'),(516,5,14,'2021-05-03 13:04:50','2021-05-03 13:06:10'),(517,5,13,'2021-05-29 05:11:41','2021-05-29 05:12:12'),(518,5,11,'2021-05-18 11:37:58','2021-05-18 11:38:31'),(519,5,12,'2021-06-14 17:37:48','2021-06-14 17:38:13'),(520,5,13,'2021-05-25 17:05:09','2021-05-25 17:06:25'),(521,5,14,'2021-06-04 07:52:01','2021-06-04 07:53:24'),(522,5,11,'2021-05-16 07:05:13','2021-05-16 07:06:14'),(523,5,14,'2021-05-26 03:11:37','2021-05-26 03:13:08'),(524,5,14,'2021-05-03 18:02:07','2021-05-03 18:03:47'),(525,5,11,'2021-05-14 06:20:29','2021-05-14 06:21:48'),(526,5,12,'2021-06-07 01:11:10','2021-06-07 01:12:50'),(527,5,13,'2021-05-14 03:23:36','2021-05-14 03:25:13'),(528,5,13,'2021-05-28 00:10:56','2021-05-28 00:12:04'),(529,5,11,'2021-06-12 05:17:29','2021-06-12 05:18:41'),(530,5,13,'2021-05-25 00:49:50','2021-05-25 00:51:06'),(531,5,12,'2021-05-08 08:14:22','2021-05-08 08:16:02'),(532,5,13,'2021-06-01 11:30:41','2021-06-01 11:31:58'),(533,5,11,'2021-05-05 20:46:23','2021-05-05 20:47:52'),(534,5,13,'2021-05-27 05:54:52','2021-05-27 05:56:16'),(535,5,13,'2021-06-15 17:35:05','2021-06-15 17:35:40'),(536,5,12,'2021-06-04 00:36:26','2021-06-04 00:36:54'),(537,5,13,'2021-05-22 15:24:47','2021-05-22 15:26:14'),(538,5,15,'2021-05-11 10:49:40','2021-05-11 10:50:39'),(539,5,11,'2021-06-18 03:20:53','2021-06-18 03:22:00'),(540,5,12,'2021-05-13 18:51:52','2021-05-13 18:53:31'),(541,5,11,'2021-06-03 18:27:39','2021-06-03 18:28:28'),(542,5,14,'2021-05-09 05:35:08','2021-05-09 05:36:26'),(543,5,13,'2021-06-02 10:42:52','2021-06-02 10:43:37'),(544,5,13,'2021-06-01 00:36:55','2021-06-01 00:37:46'),(545,5,13,'2021-06-11 06:37:10','2021-06-11 06:38:47'),(546,5,11,'2021-06-17 12:30:57','2021-06-17 12:32:34'),(547,5,15,'2021-06-13 15:46:58','2021-06-13 15:48:11'),(548,5,15,'2021-05-15 23:04:52','2021-05-15 23:06:27'),(549,5,13,'2021-06-01 14:28:15','2021-06-01 14:29:40'),(550,5,15,'2021-05-05 05:37:58','2021-05-05 05:38:55'),(551,5,21,'2021-05-11 06:12:44','2021-05-11 07:32:44'),(552,5,21,'2021-05-26 03:13:48','2021-05-26 03:49:48'),(553,5,25,'2021-06-13 23:17:46','2021-06-14 00:47:46'),(554,5,20,'2021-05-11 17:59:41','2021-05-11 19:52:41'),(555,5,23,'2021-06-02 07:12:54','2021-06-02 08:38:54'),(556,5,19,'2021-05-24 18:38:21','2021-05-24 20:00:21'),(557,5,17,'2021-05-23 22:00:10','2021-05-23 23:54:10'),(558,5,17,'2021-05-04 13:43:00','2021-05-04 15:24:00'),(559,5,17,'2021-05-05 15:13:26','2021-05-05 16:26:26'),(560,5,18,'2021-06-07 22:15:46','2021-06-07 23:49:46'),(561,5,51,'2021-05-28 06:51:21','2021-05-28 08:01:21'),(562,6,157,'2021-05-19 15:19:51','2021-05-20 11:12:54'),(563,6,157,'2021-06-04 14:26:34','2021-06-04 23:55:00'),(564,6,157,'2021-06-07 11:19:44','2021-06-07 21:36:49'),(565,6,157,'2021-05-25 14:30:37','2021-05-26 10:01:41'),(566,6,157,'2021-05-04 10:54:26','2021-05-05 00:09:05'),(567,6,157,'2021-05-27 10:21:20','2021-05-27 23:56:28'),(568,6,157,'2021-05-27 19:50:46','2021-05-28 14:36:29'),(569,6,157,'2021-06-12 14:52:53','2021-06-13 13:42:56'),(570,6,157,'2021-06-10 22:39:44','2021-06-11 18:43:03'),(571,6,157,'2021-06-04 13:26:56','2021-06-05 13:42:55'),(572,6,157,'2021-05-16 14:20:21','2021-05-17 22:41:51'),(573,6,157,'2021-05-30 04:30:34','2021-05-31 08:41:47'),(574,6,157,'2021-05-24 01:24:16','2021-05-25 01:51:28'),(575,6,157,'2021-06-09 19:47:44','2021-06-10 16:47:38'),(576,6,157,'2021-05-04 12:32:58','2021-05-04 21:12:23'),(577,6,157,'2021-05-14 03:20:48','2021-05-15 02:05:20'),(578,6,157,'2021-05-07 04:59:46','2021-05-08 01:02:37'),(579,6,157,'2021-05-09 10:41:22','2021-05-09 19:08:35'),(580,6,157,'2021-05-12 08:09:20','2021-05-13 00:18:37'),(581,6,157,'2021-05-31 00:11:09','2021-05-31 23:17:04'),(582,6,157,'2021-06-12 03:17:05','2021-06-13 08:15:30'),(583,6,157,'2021-05-13 00:16:36','2021-05-13 12:55:44'),(584,6,157,'2021-05-25 14:16:34','2021-05-26 08:42:51'),(585,6,157,'2021-05-11 12:22:58','2021-05-12 16:52:06'),(586,6,157,'2021-05-24 12:46:23','2021-05-24 23:45:27'),(587,6,157,'2021-06-08 12:39:55','2021-06-09 13:57:37'),(588,6,157,'2021-06-13 19:16:40','2021-06-14 14:13:04'),(589,6,157,'2021-06-04 16:43:20','2021-06-05 08:00:32'),(590,6,157,'2021-05-03 16:47:04','2021-05-04 05:21:58'),(591,6,157,'2021-05-15 23:49:36','2021-05-16 21:26:52'),(592,6,11,'2021-05-20 05:49:34','2021-05-20 05:50:05'),(593,6,14,'2021-05-19 20:07:30','2021-05-19 20:07:50'),(594,6,12,'2021-06-08 09:20:14','2021-06-08 09:21:07'),(595,6,14,'2021-05-03 12:53:27','2021-05-03 12:54:13'),(596,6,12,'2021-06-05 01:11:57','2021-06-05 01:12:38'),(597,6,12,'2021-05-05 14:04:41','2021-05-05 14:05:37'),(598,6,12,'2021-06-18 00:41:19','2021-06-18 00:42:40'),(599,6,15,'2021-05-14 12:43:41','2021-05-14 12:44:25'),(600,6,12,'2021-06-07 03:50:26','2021-06-07 03:51:34'),(601,6,15,'2021-05-08 04:44:23','2021-05-08 04:45:45'),(602,6,13,'2021-05-05 07:16:40','2021-05-05 07:17:50'),(603,6,11,'2021-06-14 17:12:28','2021-06-14 17:12:58'),(604,6,11,'2021-05-28 16:35:30','2021-05-28 16:36:04'),(605,6,15,'2021-06-10 23:31:37','2021-06-10 23:32:07'),(606,6,11,'2021-06-15 07:20:56','2021-06-15 07:22:18'),(607,6,14,'2021-06-08 14:32:28','2021-06-08 14:33:12'),(608,6,11,'2021-06-06 10:52:48','2021-06-06 10:53:54'),(609,6,11,'2021-05-22 01:41:05','2021-05-22 01:42:24'),(610,6,11,'2021-06-15 05:48:06','2021-06-15 05:49:03'),(611,6,13,'2021-06-15 22:15:21','2021-06-15 22:17:01'),(612,6,12,'2021-06-18 23:30:01','2021-06-18 23:30:36'),(613,6,11,'2021-06-07 02:57:00','2021-06-07 02:58:20'),(614,6,13,'2021-06-03 22:08:23','2021-06-03 22:08:58'),(615,6,13,'2021-06-09 08:36:44','2021-06-09 08:37:27'),(616,6,14,'2021-05-27 07:01:21','2021-05-27 07:02:02'),(617,6,15,'2021-05-28 16:13:16','2021-05-28 16:13:37'),(618,6,14,'2021-05-25 00:40:41','2021-05-25 00:41:26'),(619,6,13,'2021-05-22 03:58:01','2021-05-22 03:58:42'),(620,6,13,'2021-06-17 22:13:50','2021-06-17 22:14:10'),(621,6,11,'2021-05-27 20:26:32','2021-05-27 20:27:15'),(622,6,11,'2021-05-05 05:00:02','2021-05-05 05:01:37'),(623,6,15,'2021-05-14 21:00:10','2021-05-14 21:01:17'),(624,6,14,'2021-05-07 12:28:04','2021-05-07 12:28:43'),(625,6,11,'2021-05-22 06:24:32','2021-05-22 06:24:57'),(626,6,11,'2021-06-07 13:34:13','2021-06-07 13:35:03'),(627,6,13,'2021-05-03 18:14:12','2021-05-03 18:15:40'),(628,6,12,'2021-05-17 23:27:32','2021-05-17 23:29:02'),(629,6,11,'2021-05-31 02:33:27','2021-05-31 02:34:29'),(630,6,13,'2021-06-16 14:09:24','2021-06-16 14:10:18'),(631,6,11,'2021-05-05 14:49:46','2021-05-05 14:51:06'),(632,6,13,'2021-05-05 13:01:25','2021-05-05 13:02:13'),(633,6,12,'2021-05-03 16:15:09','2021-05-03 16:16:49'),(634,6,13,'2021-05-13 03:52:34','2021-05-13 03:54:01'),(635,6,11,'2021-06-18 07:54:12','2021-06-18 07:55:31'),(636,6,12,'2021-05-17 18:13:49','2021-05-17 18:15:09'),(637,6,14,'2021-05-17 10:08:08','2021-05-17 10:08:30'),(638,6,11,'2021-05-28 08:01:38','2021-05-28 08:02:49'),(639,6,14,'2021-06-17 11:50:32','2021-06-17 11:52:10'),(640,6,13,'2021-05-31 23:02:29','2021-05-31 23:03:23'),(641,6,11,'2021-05-13 22:34:11','2021-05-13 22:34:40'),(642,6,22,'2021-06-12 08:04:32','2021-06-12 08:26:32'),(643,6,24,'2021-05-13 10:09:23','2021-05-13 11:03:23'),(644,6,21,'2021-06-09 20:56:13','2021-06-09 21:53:13'),(645,6,23,'2021-06-13 10:05:31','2021-06-13 11:01:31'),(646,6,23,'2021-05-19 22:55:51','2021-05-20 00:01:51'),(647,6,16,'2021-05-17 03:38:28','2021-05-17 04:04:28'),(648,6,19,'2021-05-20 00:52:37','2021-05-20 01:13:37'),(649,6,17,'2021-06-16 13:30:28','2021-06-16 13:57:28'),(650,6,19,'2021-06-09 19:04:02','2021-06-09 20:16:02'),(651,6,16,'2021-05-14 08:03:51','2021-05-14 09:16:51'),(652,6,51,'2021-06-03 05:17:41','2021-06-03 06:07:41'),(653,6,26,'2021-06-03 05:17:41','2021-06-04 20:09:11'),(654,7,157,'2021-06-10 00:38:04','2021-06-11 03:12:25'),(655,7,157,'2021-05-27 21:49:44','2021-05-28 11:14:24'),(656,7,157,'2021-06-01 03:05:37','2021-06-02 01:01:13'),(657,7,157,'2021-06-18 07:12:42','2021-06-19 05:31:09'),(658,7,157,'2021-05-10 02:02:15','2021-05-11 06:38:30'),(659,7,157,'2021-06-10 11:46:02','2021-06-11 17:19:13'),(660,7,157,'2021-06-09 03:26:37','2021-06-09 18:11:18'),(661,7,157,'2021-06-11 14:00:33','2021-06-12 09:35:09'),(662,7,157,'2021-06-03 01:30:36','2021-06-03 11:54:24'),(663,7,157,'2021-06-05 08:37:56','2021-06-06 08:23:21'),(664,7,157,'2021-05-27 07:51:34','2021-05-27 23:57:21'),(665,7,157,'2021-06-13 02:22:31','2021-06-14 05:40:37'),(666,7,157,'2021-06-01 04:28:32','2021-06-02 01:29:45'),(667,7,157,'2021-06-19 14:05:30','2021-06-20 16:00:35'),(668,7,157,'2021-06-09 23:24:59','2021-06-10 13:41:04'),(669,7,157,'2021-06-11 05:14:32','2021-06-11 19:01:49'),(670,7,157,'2021-06-04 13:19:20','2021-06-05 01:57:43'),(671,7,157,'2021-06-18 12:37:47','2021-06-18 20:43:56'),(672,7,157,'2021-05-05 05:52:10','2021-05-06 03:37:57'),(673,7,157,'2021-06-05 14:50:02','2021-06-06 16:17:53'),(674,7,157,'2021-05-16 22:11:16','2021-05-17 19:04:44'),(675,7,157,'2021-05-17 19:19:44','2021-05-18 01:11:50'),(676,7,157,'2021-06-15 14:24:17','2021-06-16 08:46:50'),(677,7,157,'2021-05-07 04:28:32','2021-05-07 11:31:52'),(678,7,157,'2021-05-17 22:23:52','2021-05-18 08:27:16'),(679,7,157,'2021-06-07 08:38:46','2021-06-08 00:08:34'),(680,7,157,'2021-06-15 21:54:59','2021-06-16 18:38:48'),(681,7,157,'2021-05-14 01:33:36','2021-05-14 16:48:19'),(682,7,157,'2021-05-03 13:24:13','2021-05-04 13:58:20'),(683,7,157,'2021-06-17 21:24:04','2021-06-18 21:42:37'),(684,7,12,'2021-06-10 20:23:02','2021-06-10 20:24:01'),(685,7,11,'2021-05-10 20:22:58','2021-05-10 20:23:49'),(686,7,11,'2021-05-08 21:39:11','2021-05-08 21:39:37'),(687,7,13,'2021-05-13 00:50:22','2021-05-13 00:51:04'),(688,7,15,'2021-06-03 15:31:41','2021-06-03 15:32:32'),(689,7,14,'2021-05-07 13:49:32','2021-05-07 13:50:18'),(690,7,14,'2021-05-12 14:23:17','2021-05-12 14:24:45'),(691,7,11,'2021-05-20 22:00:18','2021-05-20 22:00:50'),(692,7,13,'2021-06-14 03:48:37','2021-06-14 03:49:20'),(693,7,11,'2021-06-20 05:34:38','2021-06-20 05:35:21'),(694,7,14,'2021-05-05 15:54:23','2021-05-05 15:56:03'),(695,7,14,'2021-06-04 10:42:23','2021-06-04 10:43:40'),(696,7,14,'2021-06-17 05:45:10','2021-06-17 05:46:07'),(697,7,15,'2021-05-20 05:04:34','2021-05-20 05:05:49'),(698,7,11,'2021-06-05 10:36:30','2021-06-05 10:37:14'),(699,7,13,'2021-05-20 16:52:20','2021-05-20 16:52:40'),(700,7,13,'2021-06-10 13:04:44','2021-06-10 13:05:46'),(701,7,15,'2021-06-15 14:14:50','2021-06-15 14:16:16'),(702,7,12,'2021-05-15 04:13:08','2021-05-15 04:13:44'),(703,7,13,'2021-05-22 05:28:57','2021-05-22 05:30:36'),(704,7,14,'2021-05-29 05:13:03','2021-05-29 05:13:57'),(705,7,11,'2021-05-05 03:19:19','2021-05-05 03:20:55'),(706,7,12,'2021-05-31 14:45:30','2021-05-31 14:46:14'),(707,7,11,'2021-05-15 19:12:25','2021-05-15 19:13:30'),(708,7,14,'2021-05-16 12:41:59','2021-05-16 12:43:30'),(709,7,11,'2021-05-06 16:43:38','2021-05-06 16:44:52'),(710,7,11,'2021-06-13 14:15:37','2021-06-13 14:16:22'),(711,7,11,'2021-05-14 00:28:32','2021-05-14 00:29:23'),(712,7,13,'2021-05-13 06:31:32','2021-05-13 06:32:57'),(713,7,13,'2021-05-31 00:19:21','2021-05-31 00:19:51'),(714,7,14,'2021-05-10 17:33:53','2021-05-10 17:35:08'),(715,7,12,'2021-06-06 09:51:08','2021-06-06 09:52:47'),(716,7,13,'2021-05-27 10:13:27','2021-05-27 10:13:53'),(717,7,11,'2021-05-29 05:48:10','2021-05-29 05:49:34'),(718,7,13,'2021-05-31 03:54:12','2021-05-31 03:55:43'),(719,7,15,'2021-05-13 19:41:34','2021-05-13 19:42:13'),(720,7,15,'2021-06-12 20:00:24','2021-06-12 20:01:25'),(721,7,15,'2021-05-04 04:09:52','2021-05-04 04:10:50'),(722,7,13,'2021-06-01 21:01:25','2021-06-01 21:02:47'),(723,7,12,'2021-05-26 18:08:41','2021-05-26 18:09:10'),(724,7,11,'2021-05-21 21:50:33','2021-05-21 21:51:10'),(725,7,12,'2021-05-09 15:09:38','2021-05-09 15:11:14'),(726,7,12,'2021-05-30 22:59:10','2021-05-30 22:59:56'),(727,7,15,'2021-05-09 06:41:00','2021-05-09 06:41:55'),(728,7,15,'2021-05-20 05:54:41','2021-05-20 05:55:59'),(729,7,15,'2021-05-13 05:37:39','2021-05-13 05:38:35'),(730,7,14,'2021-06-05 17:48:13','2021-06-05 17:49:34'),(731,7,12,'2021-06-12 06:34:41','2021-06-12 06:35:58'),(732,7,13,'2021-05-28 14:52:00','2021-05-28 14:53:20'),(733,7,11,'2021-06-09 09:48:56','2021-06-09 09:49:36'),(734,7,20,'2021-05-04 15:38:48','2021-05-04 16:49:48'),(735,7,21,'2021-06-08 23:46:16','2021-06-09 01:01:16'),(736,7,22,'2021-05-04 07:47:38','2021-05-04 09:42:38'),(737,7,23,'2021-05-12 09:37:36','2021-05-12 09:56:36'),(738,7,23,'2021-06-05 23:05:56','2021-06-06 00:00:56'),(739,7,16,'2021-05-25 20:35:54','2021-05-25 21:22:54'),(740,7,16,'2021-06-14 05:28:17','2021-06-14 06:56:17'),(741,7,16,'2021-05-06 10:04:08','2021-05-06 10:16:08'),(742,7,18,'2021-05-21 07:10:32','2021-05-21 08:49:32'),(743,7,16,'2021-05-23 18:11:57','2021-05-23 19:07:57'),(744,7,26,'2021-05-09 10:39:01','2021-05-25 17:50:17'),(745,8,144,'2021-05-06 15:59:40','2021-05-07 06:40:43'),(746,8,144,'2021-06-10 05:29:30','2021-06-11 04:46:09'),(747,8,144,'2021-05-09 04:34:29','2021-05-10 08:51:59'),(748,8,144,'2021-06-04 03:13:11','2021-06-05 00:32:41'),(749,8,144,'2021-05-07 09:49:15','2021-05-07 22:56:46'),(750,8,144,'2021-06-12 13:23:33','2021-06-12 21:05:04'),(751,8,144,'2021-05-15 08:26:24','2021-05-15 16:06:09'),(752,8,144,'2021-05-27 04:04:41','2021-05-27 22:44:28'),(753,8,144,'2021-06-06 08:31:40','2021-06-06 21:48:11'),(754,8,144,'2021-05-25 05:06:47','2021-05-25 17:10:16'),(755,8,144,'2021-05-23 22:01:42','2021-05-24 16:40:59'),(756,8,144,'2021-05-05 11:01:26','2021-05-06 02:40:51'),(757,8,144,'2021-06-03 23:53:18','2021-06-04 15:19:12'),(758,8,144,'2021-06-13 22:30:14','2021-06-14 14:03:05'),(759,8,144,'2021-05-14 04:34:59','2021-05-14 21:27:10'),(760,8,144,'2021-05-29 16:05:48','2021-05-30 07:54:19'),(761,8,144,'2021-06-17 16:25:09','2021-06-17 22:37:37'),(762,8,144,'2021-06-06 20:25:48','2021-06-07 09:00:55'),(763,8,144,'2021-05-25 22:44:44','2021-05-26 10:11:13'),(764,8,144,'2021-06-08 18:43:18','2021-06-09 03:07:22'),(765,8,144,'2021-06-17 05:54:56','2021-06-17 19:36:00'),(766,8,144,'2021-06-02 15:29:45','2021-06-02 22:01:15'),(767,8,144,'2021-05-16 13:11:25','2021-05-17 05:50:39'),(768,8,144,'2021-06-03 16:28:40','2021-06-04 01:04:57'),(769,8,144,'2021-06-08 19:34:38','2021-06-09 09:33:44'),(770,8,144,'2021-05-28 21:52:55','2021-05-29 04:42:33'),(771,8,144,'2021-05-15 04:03:37','2021-05-15 11:04:13'),(772,8,144,'2021-05-29 07:29:04','2021-05-29 18:24:02'),(773,8,144,'2021-06-10 22:07:54','2021-06-11 09:02:30'),(774,8,144,'2021-05-22 19:18:08','2021-05-23 17:57:04'),(775,8,13,'2021-06-12 06:39:41','2021-06-12 06:41:10'),(776,8,11,'2021-05-12 18:03:34','2021-05-12 18:04:22'),(777,8,14,'2021-05-20 23:53:44','2021-05-20 23:54:17'),(778,8,13,'2021-06-11 13:07:00','2021-06-11 13:07:58'),(779,8,12,'2021-05-12 13:55:09','2021-05-12 13:55:43'),(780,8,11,'2021-05-23 10:49:22','2021-05-23 10:50:08'),(781,8,11,'2021-05-04 06:01:12','2021-05-04 06:02:26'),(782,8,14,'2021-05-03 18:01:33','2021-05-03 18:01:56'),(783,8,13,'2021-05-18 04:48:52','2021-05-18 04:49:32'),(784,8,15,'2021-06-09 15:00:08','2021-06-09 15:01:31'),(785,8,12,'2021-05-25 22:54:15','2021-05-25 22:55:22'),(786,8,14,'2021-06-06 19:15:12','2021-06-06 19:16:30'),(787,8,13,'2021-05-21 09:37:57','2021-05-21 09:39:15'),(788,8,12,'2021-05-08 18:01:12','2021-05-08 18:01:53'),(789,8,15,'2021-05-16 16:59:59','2021-05-16 17:00:48'),(790,8,13,'2021-05-31 04:48:10','2021-05-31 04:49:12'),(791,8,15,'2021-06-17 10:11:57','2021-06-17 10:13:34'),(792,8,13,'2021-05-06 00:46:55','2021-05-06 00:48:09'),(793,8,15,'2021-06-17 08:17:04','2021-06-17 08:17:37'),(794,8,13,'2021-06-04 00:22:12','2021-06-04 00:23:35'),(795,8,15,'2021-05-15 04:01:57','2021-05-15 04:03:25'),(796,8,11,'2021-05-18 18:24:20','2021-05-18 18:25:54'),(797,8,12,'2021-06-03 04:18:09','2021-06-03 04:19:31'),(798,8,14,'2021-06-13 20:01:11','2021-06-13 20:02:32'),(799,8,12,'2021-06-10 21:46:49','2021-06-10 21:48:01'),(800,8,12,'2021-05-15 12:29:18','2021-05-15 12:30:44'),(801,8,12,'2021-05-14 00:38:56','2021-05-14 00:39:29'),(802,8,11,'2021-05-29 07:37:00','2021-05-29 07:38:32'),(803,8,12,'2021-06-15 23:50:03','2021-06-15 23:50:36'),(804,8,12,'2021-05-07 07:56:36','2021-05-07 07:57:53'),(805,8,11,'2021-05-16 15:11:56','2021-05-16 15:13:19'),(806,8,12,'2021-05-24 14:57:37','2021-05-24 14:57:57'),(807,8,14,'2021-05-10 12:56:37','2021-05-10 12:57:30'),(808,8,15,'2021-05-15 07:30:57','2021-05-15 07:31:44'),(809,8,12,'2021-05-29 23:58:40','2021-05-29 23:59:20'),(810,8,14,'2021-06-08 13:55:07','2021-06-08 13:56:16'),(811,8,12,'2021-06-16 14:41:45','2021-06-16 14:42:39'),(812,8,11,'2021-05-08 09:17:31','2021-05-08 09:18:21'),(813,8,14,'2021-06-15 07:22:24','2021-06-15 07:23:58'),(814,8,13,'2021-05-05 04:02:28','2021-05-05 04:03:01'),(815,8,11,'2021-06-09 00:35:54','2021-06-09 00:37:31'),(816,8,15,'2021-05-31 21:51:36','2021-05-31 21:52:46'),(817,8,11,'2021-05-08 03:30:49','2021-05-08 03:32:25'),(818,8,11,'2021-05-16 21:22:30','2021-05-16 21:22:57'),(819,8,11,'2021-05-21 07:09:00','2021-05-21 07:10:05'),(820,8,13,'2021-06-12 16:58:25','2021-06-12 16:59:12'),(821,8,13,'2021-05-05 13:08:30','2021-05-05 13:09:00'),(822,8,11,'2021-05-30 11:01:08','2021-05-30 11:02:02'),(823,8,11,'2021-05-09 14:07:34','2021-05-09 14:08:55'),(824,8,11,'2021-05-17 02:46:40','2021-05-17 02:47:22'),(825,8,20,'2021-06-14 17:29:45','2021-06-14 19:06:45'),(826,8,25,'2021-05-04 16:05:44','2021-05-04 18:01:44'),(827,8,21,'2021-05-26 01:52:44','2021-05-26 03:17:44'),(828,8,20,'2021-06-08 07:29:21','2021-06-08 08:33:21'),(829,8,25,'2021-05-29 11:25:12','2021-05-29 13:04:12'),(830,8,18,'2021-06-18 05:19:32','2021-06-18 05:55:32'),(831,8,17,'2021-05-26 05:50:04','2021-05-26 07:11:04'),(832,8,19,'2021-05-29 07:42:24','2021-05-29 08:12:24'),(833,8,18,'2021-06-07 07:39:44','2021-06-07 08:00:44'),(834,8,17,'2021-05-05 14:13:42','2021-05-05 14:53:42'),(835,9,52,'2021-05-06 15:37:05','2021-05-07 04:49:25'),(836,9,52,'2021-06-05 19:36:06','2021-06-06 20:01:25'),(837,9,52,'2021-06-17 16:34:03','2021-06-18 05:13:36'),(838,9,52,'2021-05-20 18:54:45','2021-05-21 13:44:13'),(839,9,52,'2021-06-13 02:18:48','2021-06-14 09:46:28'),(840,9,52,'2021-05-04 17:48:32','2021-05-05 20:00:10'),(841,9,52,'2021-05-22 13:49:13','2021-05-23 13:38:21'),(842,9,52,'2021-06-14 22:15:02','2021-06-15 22:26:51'),(843,9,52,'2021-06-04 03:58:01','2021-06-04 13:44:25'),(844,9,52,'2021-06-13 00:54:52','2021-06-14 01:42:35'),(845,9,52,'2021-06-14 21:51:31','2021-06-15 22:57:48'),(846,9,52,'2021-06-15 08:11:25','2021-06-16 03:10:48'),(847,9,52,'2021-06-15 23:57:43','2021-06-16 17:47:47'),(848,9,52,'2021-06-03 18:51:45','2021-06-04 01:56:53'),(849,9,52,'2021-06-07 21:44:35','2021-06-08 17:06:03'),(850,9,52,'2021-05-31 04:24:09','2021-06-01 00:24:33'),(851,9,52,'2021-05-30 19:09:40','2021-05-31 04:10:14'),(852,9,52,'2021-05-17 09:30:14','2021-05-17 22:00:28'),(853,9,52,'2021-06-05 21:13:27','2021-06-06 06:13:20'),(854,9,52,'2021-05-31 05:35:16','2021-05-31 12:30:27'),(855,9,52,'2021-06-15 07:50:33','2021-06-15 15:04:11'),(856,9,52,'2021-05-21 17:02:20','2021-05-22 08:55:33'),(857,9,52,'2021-05-09 22:12:20','2021-05-11 00:00:31'),(858,9,52,'2021-05-04 08:56:00','2021-05-05 11:46:47'),(859,9,52,'2021-06-17 17:45:26','2021-06-18 20:46:39'),(860,9,52,'2021-06-04 07:19:22','2021-06-04 23:46:17'),(861,9,52,'2021-06-06 15:03:39','2021-06-07 21:12:45'),(862,9,52,'2021-05-24 02:15:56','2021-05-24 13:03:39'),(863,9,52,'2021-05-22 00:20:14','2021-05-22 01:34:39'),(864,9,52,'2021-06-10 11:07:42','2021-06-10 12:07:46'),(865,9,14,'2021-05-14 00:54:40','2021-05-14 00:55:53'),(866,9,15,'2021-05-27 07:21:38','2021-05-27 07:23:14'),(867,9,15,'2021-05-18 17:07:23','2021-05-18 17:08:15'),(868,9,12,'2021-05-11 11:39:57','2021-05-11 11:41:10'),(869,9,14,'2021-05-23 00:10:18','2021-05-23 00:10:53'),(870,9,14,'2021-05-09 14:40:19','2021-05-09 14:41:48'),(871,9,12,'2021-06-04 23:00:40','2021-06-04 23:01:49'),(872,9,12,'2021-06-03 23:42:50','2021-06-03 23:44:10'),(873,9,11,'2021-06-06 07:04:54','2021-06-06 07:05:32'),(874,9,14,'2021-05-22 18:37:40','2021-05-22 18:38:21'),(875,9,12,'2021-06-18 02:25:56','2021-06-18 02:26:41'),(876,9,15,'2021-06-13 05:59:43','2021-06-13 06:00:11'),(877,9,15,'2021-05-18 23:51:33','2021-05-18 23:52:48'),(878,9,13,'2021-05-23 01:40:20','2021-05-23 01:40:45'),(879,9,11,'2021-06-15 15:57:51','2021-06-15 15:58:40'),(880,9,14,'2021-05-16 17:27:05','2021-05-16 17:28:35'),(881,9,12,'2021-05-21 09:30:50','2021-05-21 09:31:12'),(882,9,15,'2021-05-07 08:51:22','2021-05-07 08:52:31'),(883,9,11,'2021-06-11 03:27:27','2021-06-11 03:28:46'),(884,9,15,'2021-06-08 12:30:18','2021-06-08 12:31:39'),(885,9,13,'2021-05-22 21:39:13','2021-05-22 21:39:58'),(886,9,15,'2021-05-07 19:04:10','2021-05-07 19:05:34'),(887,9,12,'2021-05-31 17:01:22','2021-05-31 17:01:53'),(888,9,15,'2021-05-08 15:41:56','2021-05-08 15:43:31'),(889,9,15,'2021-06-13 13:56:10','2021-06-13 13:57:47'),(890,9,13,'2021-05-26 21:40:34','2021-05-26 21:41:56'),(891,9,13,'2021-05-05 18:16:50','2021-05-05 18:17:14'),(892,9,11,'2021-06-05 12:38:45','2021-06-05 12:40:11'),(893,9,14,'2021-05-31 11:16:28','2021-05-31 11:17:42'),(894,9,13,'2021-05-28 18:07:59','2021-05-28 18:09:24'),(895,9,13,'2021-05-07 22:53:57','2021-05-07 22:55:36'),(896,9,14,'2021-06-02 10:45:50','2021-06-02 10:47:12'),(897,9,12,'2021-05-19 19:19:35','2021-05-19 19:20:20'),(898,9,14,'2021-06-12 19:31:53','2021-06-12 19:32:55'),(899,9,15,'2021-06-06 04:52:32','2021-06-06 04:52:53'),(900,9,13,'2021-05-28 12:36:01','2021-05-28 12:37:11'),(901,9,12,'2021-05-20 13:54:01','2021-05-20 13:54:41'),(902,9,11,'2021-06-07 00:59:08','2021-06-07 01:00:43'),(903,9,15,'2021-05-15 08:06:49','2021-05-15 08:08:17'),(904,9,15,'2021-05-26 04:00:49','2021-05-26 04:02:23'),(905,9,13,'2021-05-06 16:00:45','2021-05-06 16:01:26'),(906,9,11,'2021-06-06 20:36:57','2021-06-06 20:38:09'),(907,9,15,'2021-06-06 15:04:01','2021-06-06 15:05:28'),(908,9,12,'2021-05-25 19:41:30','2021-05-25 19:43:00'),(909,9,11,'2021-05-25 23:39:45','2021-05-25 23:41:04'),(910,9,13,'2021-05-19 09:22:10','2021-05-19 09:23:36'),(911,9,14,'2021-06-11 03:22:42','2021-06-11 03:24:17'),(912,9,12,'2021-06-02 01:05:10','2021-06-02 01:06:14'),(913,9,15,'2021-06-04 09:52:51','2021-06-04 09:53:28'),(914,9,13,'2021-05-13 16:34:20','2021-05-13 16:35:32'),(915,9,24,'2021-06-17 16:02:13','2021-06-17 17:39:13'),(916,9,20,'2021-05-05 14:41:48','2021-05-05 15:24:48'),(917,9,20,'2021-06-09 04:29:42','2021-06-09 05:07:42'),(918,9,20,'2021-06-07 13:53:10','2021-06-07 14:55:10'),(919,9,22,'2021-06-03 14:49:00','2021-06-03 15:17:00'),(920,9,19,'2021-06-04 10:57:14','2021-06-04 12:41:14'),(921,9,18,'2021-05-28 09:24:02','2021-05-28 11:01:02'),(922,9,16,'2021-05-19 02:02:42','2021-05-19 03:59:42'),(923,9,16,'2021-05-25 08:02:00','2021-05-25 09:23:00'),(924,9,17,'2021-05-26 18:37:39','2021-05-26 20:03:39'),(925,9,51,'2021-06-05 14:39:18','2021-06-05 16:23:18'),(926,9,26,'2021-06-05 14:39:18','2021-06-08 18:46:40'),(927,10,71,'2021-06-07 08:20:48','2021-06-07 17:18:32'),(928,10,71,'2021-06-14 12:07:01','2021-06-14 19:55:15'),(929,10,71,'2021-05-06 16:50:26','2021-05-07 11:14:23'),(930,10,71,'2021-05-10 02:52:46','2021-05-11 00:21:23'),(931,10,71,'2021-05-05 19:40:51','2021-05-06 08:54:26'),(932,10,71,'2021-06-18 09:21:53','2021-06-18 18:29:01'),(933,10,71,'2021-06-10 10:45:18','2021-06-11 17:48:41'),(934,10,71,'2021-06-02 15:55:40','2021-06-03 03:16:25'),(935,10,71,'2021-05-10 06:27:20','2021-05-10 20:09:45'),(936,10,71,'2021-06-09 03:07:04','2021-06-10 02:08:40'),(937,10,71,'2021-05-26 00:06:26','2021-05-26 11:46:13'),(938,10,71,'2021-05-26 19:07:42','2021-05-27 04:46:46'),(939,10,71,'2021-05-10 22:28:02','2021-05-11 06:03:37'),(940,10,71,'2021-05-30 03:03:27','2021-05-30 13:41:53'),(941,10,71,'2021-05-29 04:00:31','2021-05-29 18:32:04'),(942,10,71,'2021-06-16 08:02:56','2021-06-16 17:36:27'),(943,10,71,'2021-05-24 16:07:15','2021-05-25 07:58:09'),(944,10,71,'2021-05-23 21:27:06','2021-05-24 18:56:33'),(945,10,71,'2021-05-21 16:17:34','2021-05-21 22:47:57'),(946,10,71,'2021-05-08 20:20:57','2021-05-09 10:29:11'),(947,10,71,'2021-06-08 17:27:45','2021-06-08 22:53:43'),(948,10,71,'2021-05-19 09:46:04','2021-05-20 14:46:37'),(949,10,71,'2021-05-26 13:13:18','2021-05-27 03:34:50'),(950,10,71,'2021-06-05 20:52:14','2021-06-06 18:31:01'),(951,10,71,'2021-05-30 16:05:04','2021-05-31 01:03:58'),(952,10,71,'2021-05-08 06:43:32','2021-05-08 23:20:27'),(953,10,71,'2021-06-01 14:57:29','2021-06-02 07:28:53'),(954,10,71,'2021-05-11 12:32:28','2021-05-11 14:47:23'),(955,10,71,'2021-05-09 15:13:23','2021-05-10 17:40:58'),(956,10,71,'2021-05-17 03:40:48','2021-05-17 23:33:40'),(957,10,13,'2021-06-17 08:56:17','2021-06-17 08:56:56'),(958,10,12,'2021-05-16 13:40:09','2021-05-16 13:40:36'),(959,10,14,'2021-06-17 10:15:07','2021-06-17 10:15:55'),(960,10,13,'2021-05-26 13:32:42','2021-05-26 13:34:09'),(961,10,11,'2021-05-13 13:36:01','2021-05-13 13:37:02'),(962,10,11,'2021-05-06 08:31:21','2021-05-06 08:32:00'),(963,10,14,'2021-06-19 02:12:24','2021-06-19 02:13:12'),(964,10,12,'2021-06-01 22:28:58','2021-06-01 22:30:12'),(965,10,15,'2021-05-13 02:49:28','2021-05-13 02:50:38'),(966,10,14,'2021-05-30 13:24:34','2021-05-30 13:25:22'),(967,10,14,'2021-05-04 19:04:24','2021-05-04 19:04:48'),(968,10,14,'2021-06-09 01:47:50','2021-06-09 01:49:10'),(969,10,11,'2021-05-14 23:13:50','2021-05-14 23:14:14'),(970,10,12,'2021-05-20 13:58:46','2021-05-20 13:59:55'),(971,10,11,'2021-05-24 02:33:01','2021-05-24 02:34:34'),(972,10,11,'2021-05-09 11:21:19','2021-05-09 11:21:39'),(973,10,12,'2021-06-08 08:42:34','2021-06-08 08:43:48'),(974,10,13,'2021-06-11 17:02:26','2021-06-11 17:03:50'),(975,10,12,'2021-06-06 22:46:20','2021-06-06 22:47:21'),(976,10,14,'2021-06-04 02:11:54','2021-06-04 02:13:19'),(977,10,14,'2021-05-31 11:01:30','2021-05-31 11:01:59'),(978,10,13,'2021-06-18 02:51:07','2021-06-18 02:52:13'),(979,10,11,'2021-06-04 23:43:22','2021-06-04 23:44:36'),(980,10,11,'2021-05-20 05:59:37','2021-05-20 06:01:02'),(981,10,12,'2021-05-21 07:20:02','2021-05-21 07:21:04'),(982,10,15,'2021-05-30 09:47:52','2021-05-30 09:49:02'),(983,10,12,'2021-06-16 04:51:16','2021-06-16 04:52:20'),(984,10,11,'2021-05-27 21:30:41','2021-05-27 21:31:28'),(985,10,12,'2021-06-09 08:31:30','2021-06-09 08:31:52'),(986,10,13,'2021-06-03 15:21:41','2021-06-03 15:22:53'),(987,10,12,'2021-05-05 00:27:11','2021-05-05 00:28:47'),(988,10,14,'2021-05-18 22:18:20','2021-05-18 22:19:46'),(989,10,12,'2021-05-26 18:08:36','2021-05-26 18:10:08'),(990,10,15,'2021-05-07 10:58:52','2021-05-07 10:59:16'),(991,10,11,'2021-05-22 15:04:14','2021-05-22 15:05:36'),(992,10,11,'2021-05-14 01:30:11','2021-05-14 01:31:50'),(993,10,12,'2021-06-12 12:49:48','2021-06-12 12:51:11'),(994,10,14,'2021-05-27 20:04:28','2021-05-27 20:06:00'),(995,10,13,'2021-06-15 12:16:22','2021-06-15 12:17:22'),(996,10,11,'2021-05-14 06:14:46','2021-05-14 06:15:33'),(997,10,15,'2021-05-17 12:09:46','2021-05-17 12:10:06'),(998,10,13,'2021-05-05 04:53:00','2021-05-05 04:54:16'),(999,10,11,'2021-05-26 00:23:20','2021-05-26 00:24:58'),(1000,10,11,'2021-06-05 03:12:29','2021-06-05 03:13:42'),(1001,10,15,'2021-06-09 04:22:33','2021-06-09 04:23:55'),(1002,10,11,'2021-05-13 18:59:48','2021-05-13 19:01:26'),(1003,10,15,'2021-05-13 05:12:39','2021-05-13 05:13:30'),(1004,10,12,'2021-06-09 08:17:29','2021-06-09 08:18:03'),(1005,10,14,'2021-05-09 17:35:33','2021-05-09 17:36:02'),(1006,10,14,'2021-06-14 01:21:22','2021-06-14 01:22:50'),(1007,10,20,'2021-05-30 17:00:13','2021-05-30 18:25:13'),(1008,10,23,'2021-06-12 01:22:43','2021-06-12 02:17:43'),(1009,10,23,'2021-05-11 15:51:47','2021-05-11 17:40:47'),(1010,10,22,'2021-05-11 03:38:35','2021-05-11 03:58:35'),(1011,10,24,'2021-06-07 13:04:51','2021-06-07 13:47:51'),(1012,10,16,'2021-06-08 07:06:27','2021-06-08 07:21:27'),(1013,10,19,'2021-05-17 21:30:37','2021-05-17 22:49:37'),(1014,10,18,'2021-05-12 02:04:44','2021-05-12 02:36:44'),(1015,10,19,'2021-05-21 18:50:47','2021-05-21 20:11:47'),(1016,10,17,'2021-06-02 15:20:50','2021-06-02 16:20:50'),(1017,10,51,'2021-05-03 18:56:56','2021-05-03 20:30:56'),(1018,11,304,'2021-06-08 14:53:31','2021-06-09 04:52:37'),(1019,11,304,'2021-05-14 00:25:21','2021-05-14 07:54:27'),(1020,11,304,'2021-06-05 00:56:34','2021-06-05 05:15:37'),(1021,11,304,'2021-05-08 07:25:37','2021-05-09 12:08:53'),(1022,11,304,'2021-06-07 05:33:45','2021-06-07 19:11:43'),(1023,11,304,'2021-05-07 08:53:21','2021-05-07 20:54:36'),(1024,11,304,'2021-05-28 07:58:17','2021-05-28 17:44:12'),(1025,11,304,'2021-05-07 12:39:58','2021-05-07 18:34:14'),(1026,11,304,'2021-05-07 14:49:12','2021-05-07 21:59:20'),(1027,11,304,'2021-05-25 16:32:02','2021-05-26 07:42:14'),(1028,11,304,'2021-05-25 22:00:31','2021-05-26 21:53:29'),(1029,11,304,'2021-05-17 02:13:32','2021-05-17 20:38:18'),(1030,11,304,'2021-06-07 16:47:01','2021-06-09 00:41:08'),(1031,11,304,'2021-05-22 10:01:52','2021-05-22 18:53:23'),(1032,11,304,'2021-06-10 04:47:00','2021-06-10 14:20:46'),(1033,11,304,'2021-05-09 11:54:36','2021-05-10 05:13:11'),(1034,11,304,'2021-05-05 07:38:47','2021-05-05 19:08:06'),(1035,11,304,'2021-05-09 11:56:26','2021-05-10 01:06:10'),(1036,11,304,'2021-05-08 03:01:29','2021-05-09 08:11:50'),(1037,11,304,'2021-05-21 22:00:32','2021-05-22 16:57:34'),(1038,11,304,'2021-05-10 19:00:17','2021-05-11 16:03:42'),(1039,11,304,'2021-05-26 11:54:01','2021-05-27 09:49:15'),(1040,11,304,'2021-05-08 16:28:41','2021-05-08 21:29:40'),(1041,11,304,'2021-05-10 00:52:40','2021-05-10 21:26:23'),(1042,11,304,'2021-06-15 00:55:47','2021-06-15 16:57:33'),(1043,11,304,'2021-06-09 21:05:26','2021-06-10 06:22:19'),(1044,11,304,'2021-05-07 13:42:52','2021-05-08 10:25:27'),(1045,11,304,'2021-06-03 09:38:53','2021-06-04 13:49:48'),(1046,11,304,'2021-05-08 10:40:22','2021-05-08 19:58:36'),(1047,11,304,'2021-05-08 06:38:28','2021-05-08 17:26:52'),(1048,11,12,'2021-06-16 06:26:48','2021-06-16 06:28:17'),(1049,11,12,'2021-05-22 03:28:28','2021-05-22 03:30:04'),(1050,11,15,'2021-06-05 15:30:57','2021-06-05 15:31:24'),(1051,11,14,'2021-05-30 22:48:40','2021-05-30 22:50:15'),(1052,11,15,'2021-05-13 19:23:56','2021-05-13 19:25:29'),(1053,11,12,'2021-05-19 17:56:08','2021-05-19 17:56:29'),(1054,11,11,'2021-05-16 19:38:27','2021-05-16 19:39:06'),(1055,11,15,'2021-06-09 14:23:38','2021-06-09 14:24:13'),(1056,11,15,'2021-06-05 20:30:56','2021-06-05 20:32:30'),(1057,11,14,'2021-05-06 21:34:23','2021-05-06 21:35:11'),(1058,11,11,'2021-05-14 14:34:57','2021-05-14 14:36:37'),(1059,11,14,'2021-05-27 15:19:07','2021-05-27 15:20:43'),(1060,11,15,'2021-05-19 04:31:16','2021-05-19 04:32:25'),(1061,11,12,'2021-05-04 17:31:08','2021-05-04 17:31:53'),(1062,11,11,'2021-05-09 18:32:31','2021-05-09 18:33:13'),(1063,11,12,'2021-05-26 05:09:22','2021-05-26 05:10:37'),(1064,11,15,'2021-06-05 06:40:54','2021-06-05 06:42:17'),(1065,11,14,'2021-06-05 16:11:50','2021-06-05 16:12:33'),(1066,11,13,'2021-05-05 15:39:19','2021-05-05 15:40:27'),(1067,11,11,'2021-05-26 05:42:27','2021-05-26 05:43:53'),(1068,11,11,'2021-05-07 05:06:32','2021-05-07 05:07:35'),(1069,11,14,'2021-06-05 01:41:45','2021-06-05 01:42:33'),(1070,11,15,'2021-06-08 19:44:09','2021-06-08 19:45:20'),(1071,11,14,'2021-06-16 03:14:25','2021-06-16 03:14:53'),(1072,11,15,'2021-06-12 06:38:36','2021-06-12 06:39:37'),(1073,11,15,'2021-05-26 08:47:16','2021-05-26 08:48:20'),(1074,11,13,'2021-06-08 04:56:20','2021-06-08 04:57:37'),(1075,11,15,'2021-06-08 03:56:39','2021-06-08 03:58:17'),(1076,11,11,'2021-06-14 22:35:41','2021-06-14 22:37:18'),(1077,11,13,'2021-05-16 02:17:31','2021-05-16 02:18:25'),(1078,11,11,'2021-05-08 06:02:16','2021-05-08 06:03:08'),(1079,11,14,'2021-05-24 00:28:59','2021-05-24 00:30:23'),(1080,11,13,'2021-05-13 02:27:34','2021-05-13 02:28:07'),(1081,11,15,'2021-06-13 06:17:25','2021-06-13 06:18:57'),(1082,11,14,'2021-06-08 00:18:28','2021-06-08 00:20:00'),(1083,11,15,'2021-06-05 22:58:25','2021-06-05 22:59:56'),(1084,11,12,'2021-06-16 10:01:41','2021-06-16 10:02:08'),(1085,11,14,'2021-05-13 18:00:24','2021-05-13 18:01:20'),(1086,11,15,'2021-06-06 08:28:40','2021-06-06 08:30:17'),(1087,11,12,'2021-05-12 15:17:26','2021-05-12 15:18:06'),(1088,11,14,'2021-06-13 14:53:56','2021-06-13 14:54:49'),(1089,11,11,'2021-05-09 23:29:58','2021-05-09 23:31:09'),(1090,11,15,'2021-05-23 02:23:54','2021-05-23 02:25:20'),(1091,11,12,'2021-06-01 21:28:46','2021-06-01 21:29:06'),(1092,11,13,'2021-05-13 20:25:00','2021-05-13 20:25:27'),(1093,11,14,'2021-06-04 03:32:16','2021-06-04 03:32:57'),(1094,11,13,'2021-05-05 11:31:07','2021-05-05 11:32:45'),(1095,11,11,'2021-05-17 22:43:46','2021-05-17 22:44:59'),(1096,11,11,'2021-05-13 20:33:53','2021-05-13 20:35:29'),(1097,11,12,'2021-05-30 08:47:39','2021-05-30 08:48:04'),(1098,11,24,'2021-05-26 03:43:01','2021-05-26 05:33:01'),(1099,11,20,'2021-05-17 23:02:38','2021-05-17 23:23:38'),(1100,11,22,'2021-06-08 16:22:04','2021-06-08 17:30:04'),(1101,11,20,'2021-05-03 23:28:33','2021-05-04 00:36:33'),(1102,11,23,'2021-06-03 21:11:33','2021-06-03 21:41:33'),(1103,11,17,'2021-06-04 11:23:17','2021-06-04 12:21:17'),(1104,11,18,'2021-06-06 00:21:49','2021-06-06 00:55:49'),(1105,11,18,'2021-05-10 14:19:41','2021-05-10 15:15:41'),(1106,11,17,'2021-06-05 00:09:33','2021-06-05 01:43:33'),(1107,11,18,'2021-05-11 19:01:41','2021-05-11 20:32:41'),(1108,11,51,'2021-05-21 23:13:23','2021-05-21 23:36:23'),(1109,12,305,'2021-05-14 19:17:42','2021-05-15 09:36:34'),(1110,12,305,'2021-05-30 00:00:16','2021-05-30 12:24:55'),(1111,12,305,'2021-05-29 01:21:43','2021-05-29 15:42:56'),(1112,12,305,'2021-05-23 22:17:15','2021-05-24 22:11:08'),(1113,12,305,'2021-05-13 11:38:30','2021-05-14 08:25:43'),(1114,12,305,'2021-05-28 23:00:40','2021-05-29 20:24:51'),(1115,12,305,'2021-06-06 15:30:10','2021-06-07 03:18:27'),(1116,12,305,'2021-06-14 22:19:34','2021-06-16 00:53:44'),(1117,12,305,'2021-06-15 14:07:19','2021-06-16 16:15:32'),(1118,12,305,'2021-06-13 16:46:15','2021-06-14 02:26:55'),(1119,12,305,'2021-05-09 18:31:49','2021-05-10 12:50:25'),(1120,12,305,'2021-06-12 11:16:00','2021-06-13 08:30:14'),(1121,12,305,'2021-05-30 04:37:27','2021-05-30 21:23:23'),(1122,12,305,'2021-05-13 00:48:22','2021-05-13 10:04:15'),(1123,12,305,'2021-05-31 20:10:13','2021-06-01 12:36:34'),(1124,12,305,'2021-05-27 00:06:01','2021-05-27 23:53:02'),(1125,12,305,'2021-05-30 21:12:58','2021-05-31 21:04:45'),(1126,12,305,'2021-05-16 08:06:07','2021-05-17 01:43:49'),(1127,12,305,'2021-06-17 03:33:04','2021-06-17 16:23:52'),(1128,12,305,'2021-06-11 08:07:05','2021-06-11 14:20:42'),(1129,12,305,'2021-05-20 08:22:24','2021-05-20 14:05:10'),(1130,12,305,'2021-05-19 18:52:22','2021-05-20 04:39:29'),(1131,12,305,'2021-05-27 08:11:14','2021-05-28 05:41:15'),(1132,12,305,'2021-06-05 22:30:27','2021-06-06 10:05:36'),(1133,12,305,'2021-05-12 05:58:18','2021-05-13 02:39:26'),(1134,12,305,'2021-05-19 21:25:13','2021-05-20 17:59:08'),(1135,12,305,'2021-06-19 23:10:05','2021-06-20 21:53:59'),(1136,12,305,'2021-05-09 09:54:07','2021-05-09 21:17:37'),(1137,12,305,'2021-06-18 20:04:16','2021-06-19 09:32:06'),(1138,12,305,'2021-05-22 16:05:31','2021-05-23 12:51:28'),(1139,12,15,'2021-05-30 08:48:32','2021-05-30 08:49:41'),(1140,12,15,'2021-06-04 20:52:44','2021-06-04 20:53:45'),(1141,12,14,'2021-06-05 07:57:35','2021-06-05 07:58:39'),(1142,12,12,'2021-06-03 02:27:23','2021-06-03 02:28:47'),(1143,12,11,'2021-05-06 11:41:28','2021-05-06 11:42:23'),(1144,12,11,'2021-05-30 09:31:50','2021-05-30 09:32:56'),(1145,12,11,'2021-05-21 18:50:43','2021-05-21 18:51:21'),(1146,12,14,'2021-06-14 04:33:42','2021-06-14 04:34:33'),(1147,12,13,'2021-06-18 14:01:14','2021-06-18 14:02:14'),(1148,12,14,'2021-06-04 21:39:49','2021-06-04 21:40:58'),(1149,12,15,'2021-06-18 01:00:41','2021-06-18 01:01:36'),(1150,12,13,'2021-05-27 01:00:00','2021-05-27 01:00:58'),(1151,12,14,'2021-05-21 10:24:54','2021-05-21 10:25:41'),(1152,12,13,'2021-05-10 06:50:06','2021-05-10 06:51:43'),(1153,12,15,'2021-06-14 20:59:52','2021-06-14 21:00:46'),(1154,12,15,'2021-05-27 08:19:43','2021-05-27 08:20:12'),(1155,12,14,'2021-06-10 00:07:06','2021-06-10 00:08:16'),(1156,12,11,'2021-06-09 22:15:53','2021-06-09 22:17:02'),(1157,12,13,'2021-06-10 22:29:08','2021-06-10 22:30:06'),(1158,12,11,'2021-06-04 10:22:39','2021-06-04 10:23:26'),(1159,12,14,'2021-05-06 14:00:52','2021-05-06 14:01:37'),(1160,12,11,'2021-05-06 18:31:33','2021-05-06 18:32:35'),(1161,12,11,'2021-05-16 11:59:51','2021-05-16 12:00:59'),(1162,12,14,'2021-06-09 10:17:44','2021-06-09 10:18:10'),(1163,12,14,'2021-05-13 18:04:38','2021-05-13 18:06:18'),(1164,12,15,'2021-06-15 06:12:02','2021-06-15 06:13:20'),(1165,12,15,'2021-06-05 15:37:49','2021-06-05 15:38:14'),(1166,12,14,'2021-05-17 03:59:32','2021-05-17 04:00:35'),(1167,12,14,'2021-05-21 16:23:26','2021-05-21 16:23:50'),(1168,12,13,'2021-05-30 14:12:13','2021-05-30 14:13:34'),(1169,12,15,'2021-05-28 16:29:35','2021-05-28 16:30:28'),(1170,12,12,'2021-06-08 21:08:08','2021-06-08 21:09:02'),(1171,12,11,'2021-05-30 04:16:22','2021-05-30 04:18:02'),(1172,12,14,'2021-06-10 03:13:22','2021-06-10 03:14:23'),(1173,12,12,'2021-05-29 09:13:13','2021-05-29 09:14:52'),(1174,12,12,'2021-05-22 10:35:11','2021-05-22 10:35:59'),(1175,12,15,'2021-05-17 23:26:48','2021-05-17 23:28:23'),(1176,12,15,'2021-05-04 04:11:24','2021-05-04 04:12:49'),(1177,12,12,'2021-05-31 11:27:23','2021-05-31 11:27:59'),(1178,12,14,'2021-06-15 13:44:48','2021-06-15 13:46:20'),(1179,12,13,'2021-05-12 11:27:07','2021-05-12 11:27:33'),(1180,12,11,'2021-05-31 01:52:03','2021-05-31 01:52:47'),(1181,12,13,'2021-05-15 22:47:21','2021-05-15 22:48:59'),(1182,12,13,'2021-05-23 06:22:25','2021-05-23 06:23:46'),(1183,12,14,'2021-05-10 21:11:32','2021-05-10 21:11:57'),(1184,12,15,'2021-06-03 12:45:09','2021-06-03 12:46:25'),(1185,12,15,'2021-05-29 04:39:56','2021-05-29 04:41:29'),(1186,12,14,'2021-06-04 15:58:50','2021-06-04 15:59:54'),(1187,12,13,'2021-05-05 18:25:53','2021-05-05 18:27:22'),(1188,12,12,'2021-06-09 03:30:35','2021-06-09 03:31:58'),(1189,12,20,'2021-05-04 23:31:58','2021-05-05 00:27:58'),(1190,12,25,'2021-05-23 05:38:16','2021-05-23 07:30:16'),(1191,12,24,'2021-05-15 04:10:36','2021-05-15 05:29:36'),(1192,12,23,'2021-06-18 09:01:22','2021-06-18 10:55:22'),(1193,12,21,'2021-06-02 10:08:01','2021-06-02 11:21:01'),(1194,12,18,'2021-05-29 20:17:25','2021-05-29 21:54:25'),(1195,12,19,'2021-05-19 10:42:51','2021-05-19 12:14:51'),(1196,12,18,'2021-06-01 21:47:31','2021-06-01 23:24:31'),(1197,12,16,'2021-06-19 01:39:51','2021-06-19 02:17:51'),(1198,12,16,'2021-06-05 20:47:00','2021-06-05 21:46:00'),(1199,12,26,'2021-06-19 03:19:13','2021-06-16 15:40:53'),(1200,13,386,'2021-06-08 17:15:36','2021-06-09 04:37:12'),(1201,13,386,'2021-05-15 14:26:04','2021-05-16 01:47:34'),(1202,13,386,'2021-06-11 08:10:44','2021-06-12 10:31:31'),(1203,13,386,'2021-06-08 15:55:57','2021-06-09 17:18:22'),(1204,13,386,'2021-05-31 01:20:07','2021-05-31 17:52:51'),(1205,13,386,'2021-05-15 08:37:53','2021-05-16 07:48:15'),(1206,13,386,'2021-05-18 21:16:36','2021-05-19 06:50:23'),(1207,13,386,'2021-05-09 10:40:54','2021-05-10 09:33:16'),(1208,13,386,'2021-06-06 19:05:40','2021-06-07 14:40:38'),(1209,13,386,'2021-05-12 08:35:32','2021-05-13 00:59:51'),(1210,13,386,'2021-05-24 15:55:56','2021-05-24 18:13:46'),(1211,13,386,'2021-05-16 17:12:44','2021-05-17 11:14:21'),(1212,13,386,'2021-05-12 05:45:20','2021-05-12 16:08:03'),(1213,13,386,'2021-05-29 18:24:52','2021-05-30 18:39:35'),(1214,13,386,'2021-05-27 21:47:19','2021-05-28 17:13:06'),(1215,13,386,'2021-05-09 19:31:29','2021-05-10 23:10:31'),(1216,13,386,'2021-06-08 14:45:41','2021-06-08 21:51:52'),(1217,13,386,'2021-05-12 03:06:05','2021-05-13 01:31:13'),(1218,13,386,'2021-05-27 12:38:28','2021-05-28 14:29:02'),(1219,13,386,'2021-06-02 11:15:40','2021-06-02 15:50:14'),(1220,13,386,'2021-06-03 07:51:24','2021-06-03 16:31:27'),(1221,13,386,'2021-05-25 20:39:48','2021-05-26 18:05:55'),(1222,13,386,'2021-05-22 04:00:21','2021-05-22 16:34:06'),(1223,13,386,'2021-06-08 11:54:18','2021-06-08 18:23:51'),(1224,13,386,'2021-05-20 14:48:26','2021-05-20 22:09:19'),(1225,13,386,'2021-05-24 13:03:21','2021-05-24 16:46:07'),(1226,13,386,'2021-05-16 20:25:04','2021-05-17 22:51:08'),(1227,13,386,'2021-05-25 13:31:41','2021-05-26 14:25:20'),(1228,13,386,'2021-06-17 01:48:55','2021-06-18 04:25:49'),(1229,13,386,'2021-06-06 11:22:58','2021-06-07 01:31:18'),(1230,13,11,'2021-05-28 21:42:40','2021-05-28 21:43:44'),(1231,13,12,'2021-06-09 07:36:44','2021-06-09 07:37:57'),(1232,13,15,'2021-06-18 01:52:08','2021-06-18 01:53:29'),(1233,13,13,'2021-06-11 05:28:06','2021-06-11 05:28:45'),(1234,13,11,'2021-06-04 15:53:19','2021-06-04 15:54:48'),(1235,13,11,'2021-05-13 16:06:12','2021-05-13 16:06:55'),(1236,13,12,'2021-06-13 23:30:20','2021-06-13 23:30:59'),(1237,13,13,'2021-05-31 07:04:41','2021-05-31 07:05:32'),(1238,13,13,'2021-05-15 15:59:23','2021-05-15 16:00:54'),(1239,13,14,'2021-05-26 07:39:23','2021-05-26 07:40:28'),(1240,13,11,'2021-05-18 14:48:00','2021-05-18 14:49:32'),(1241,13,14,'2021-05-21 12:12:33','2021-05-21 12:12:53'),(1242,13,14,'2021-05-30 09:24:33','2021-05-30 09:25:34'),(1243,13,12,'2021-06-10 17:20:31','2021-06-10 17:21:11'),(1244,13,13,'2021-05-25 06:15:15','2021-05-25 06:16:46'),(1245,13,11,'2021-05-09 00:48:33','2021-05-09 00:49:43'),(1246,13,15,'2021-05-24 18:35:36','2021-05-24 18:36:15'),(1247,13,15,'2021-05-21 13:18:09','2021-05-21 13:18:39'),(1248,13,15,'2021-05-26 13:38:26','2021-05-26 13:39:05'),(1249,13,14,'2021-05-16 21:05:41','2021-05-16 21:07:19'),(1250,13,13,'2021-06-03 08:52:46','2021-06-03 08:54:07'),(1251,13,13,'2021-05-06 01:20:42','2021-05-06 01:22:10'),(1252,13,13,'2021-06-11 10:32:44','2021-06-11 10:33:17'),(1253,13,12,'2021-05-12 01:30:46','2021-05-12 01:32:02'),(1254,13,13,'2021-05-18 07:05:35','2021-05-18 07:05:56'),(1255,13,15,'2021-06-07 20:22:05','2021-06-07 20:22:46'),(1256,13,14,'2021-06-14 06:48:51','2021-06-14 06:49:56'),(1257,13,14,'2021-05-12 15:12:39','2021-05-12 15:14:14'),(1258,13,15,'2021-05-18 01:31:21','2021-05-18 01:31:43'),(1259,13,13,'2021-05-09 19:03:35','2021-05-09 19:04:27'),(1260,13,12,'2021-05-13 01:29:42','2021-05-13 01:30:05'),(1261,13,15,'2021-06-03 23:10:55','2021-06-03 23:11:49'),(1262,13,15,'2021-05-26 10:09:55','2021-05-26 10:10:54'),(1263,13,12,'2021-05-28 07:38:20','2021-05-28 07:38:44'),(1264,13,14,'2021-06-04 01:01:56','2021-06-04 01:03:31'),(1265,13,14,'2021-05-26 14:36:35','2021-05-26 14:38:03'),(1266,13,12,'2021-06-01 06:06:26','2021-06-01 06:07:16'),(1267,13,11,'2021-05-19 23:37:43','2021-05-19 23:38:42'),(1268,13,15,'2021-05-22 12:42:24','2021-05-22 12:43:09'),(1269,13,13,'2021-05-11 14:41:38','2021-05-11 14:42:21'),(1270,13,15,'2021-05-13 15:30:24','2021-05-13 15:31:18'),(1271,13,15,'2021-05-20 04:58:22','2021-05-20 04:59:47'),(1272,13,13,'2021-05-07 18:57:49','2021-05-07 18:58:11'),(1273,13,12,'2021-05-15 13:04:31','2021-05-15 13:06:08'),(1274,13,14,'2021-06-17 13:02:45','2021-06-17 13:03:46'),(1275,13,11,'2021-05-10 07:13:54','2021-05-10 07:15:22'),(1276,13,14,'2021-06-03 15:50:31','2021-06-03 15:51:46'),(1277,13,12,'2021-06-16 23:59:47','2021-06-17 00:00:10'),(1278,13,15,'2021-05-11 13:54:01','2021-05-11 13:54:52'),(1279,13,11,'2021-05-16 15:10:49','2021-05-16 15:11:09'),(1280,13,25,'2021-06-17 06:52:13','2021-06-17 07:55:13'),(1281,13,20,'2021-05-05 15:03:17','2021-05-05 15:18:17'),(1282,13,24,'2021-05-18 23:07:15','2021-05-19 00:10:15'),(1283,13,24,'2021-05-11 22:35:59','2021-05-11 22:46:59'),(1284,13,21,'2021-05-20 12:55:34','2021-05-20 14:29:34'),(1285,13,19,'2021-05-15 20:23:37','2021-05-15 21:07:37'),(1286,13,16,'2021-05-05 07:10:25','2021-05-05 07:36:25'),(1287,13,18,'2021-05-22 09:37:45','2021-05-22 10:00:45'),(1288,13,16,'2021-06-03 18:54:01','2021-06-03 19:47:01'),(1289,13,17,'2021-06-06 10:32:47','2021-06-06 10:52:47'),(1290,14,230,'2021-06-11 16:32:33','2021-06-12 10:52:55'),(1291,14,230,'2021-06-04 00:40:05','2021-06-04 21:51:18'),(1292,14,230,'2021-06-10 23:37:16','2021-06-11 19:18:29'),(1293,14,230,'2021-05-10 11:59:29','2021-05-11 02:30:58'),(1294,14,230,'2021-05-17 04:14:00','2021-05-17 09:09:18'),(1295,14,230,'2021-06-10 05:44:42','2021-06-10 15:54:58'),(1296,14,230,'2021-06-05 04:51:53','2021-06-06 06:53:10'),(1297,14,230,'2021-06-17 11:07:24','2021-06-17 15:27:46'),(1298,14,230,'2021-06-06 07:23:16','2021-06-06 22:12:26'),(1299,14,230,'2021-06-04 02:09:27','2021-06-04 14:45:05'),(1300,14,230,'2021-05-30 05:24:55','2021-05-30 10:04:42'),(1301,14,230,'2021-05-24 11:47:50','2021-05-25 06:56:34'),(1302,14,230,'2021-05-24 15:57:43','2021-05-24 21:17:59'),(1303,14,230,'2021-05-22 08:04:02','2021-05-22 15:43:37'),(1304,14,230,'2021-05-23 16:39:26','2021-05-24 06:14:38'),(1305,14,230,'2021-05-13 00:11:02','2021-05-13 07:01:29'),(1306,14,230,'2021-06-14 06:18:09','2021-06-15 08:27:45'),(1307,14,230,'2021-05-10 03:12:29','2021-05-10 09:22:31'),(1308,14,230,'2021-05-04 12:32:55','2021-05-05 11:04:47'),(1309,14,230,'2021-05-24 08:25:43','2021-05-24 13:12:32'),(1310,14,230,'2021-05-21 04:49:35','2021-05-21 16:31:59'),(1311,14,230,'2021-05-07 18:18:21','2021-05-08 07:08:38'),(1312,14,230,'2021-05-14 12:32:24','2021-05-15 14:30:31'),(1313,14,230,'2021-05-21 20:49:11','2021-05-22 21:24:25'),(1314,14,230,'2021-06-17 13:49:20','2021-06-18 17:23:13'),(1315,14,230,'2021-06-11 08:58:34','2021-06-11 23:13:52'),(1316,14,230,'2021-06-09 03:22:01','2021-06-09 14:55:42'),(1317,14,230,'2021-05-26 21:38:26','2021-05-27 21:11:57'),(1318,14,230,'2021-05-28 14:44:05','2021-05-29 11:37:12'),(1319,14,230,'2021-06-16 10:57:51','2021-06-17 14:37:27'),(1320,14,12,'2021-06-04 20:06:46','2021-06-04 20:08:24'),(1321,14,12,'2021-05-07 01:16:00','2021-05-07 01:16:42'),(1322,14,11,'2021-06-07 13:58:10','2021-06-07 13:59:44'),(1323,14,11,'2021-06-09 19:54:32','2021-06-09 19:54:59'),(1324,14,13,'2021-05-09 00:43:45','2021-05-09 00:44:25'),(1325,14,15,'2021-05-27 16:10:06','2021-05-27 16:10:33'),(1326,14,15,'2021-06-01 21:03:25','2021-06-01 21:04:23'),(1327,14,13,'2021-06-12 17:35:33','2021-06-12 17:36:29'),(1328,14,14,'2021-05-24 15:10:04','2021-05-24 15:10:57'),(1329,14,12,'2021-06-16 17:00:17','2021-06-16 17:00:37'),(1330,14,14,'2021-05-28 22:30:05','2021-05-28 22:31:06'),(1331,14,15,'2021-06-13 21:17:01','2021-06-13 21:18:07'),(1332,14,13,'2021-06-16 13:10:56','2021-06-16 13:11:41'),(1333,14,11,'2021-05-31 11:53:54','2021-05-31 11:54:42'),(1334,14,14,'2021-06-19 00:28:06','2021-06-19 00:29:46'),(1335,14,12,'2021-05-25 16:34:41','2021-05-25 16:35:02'),(1336,14,13,'2021-06-14 04:25:45','2021-06-14 04:26:06'),(1337,14,11,'2021-05-15 14:41:05','2021-05-15 14:42:18'),(1338,14,13,'2021-05-22 05:24:50','2021-05-22 05:25:20'),(1339,14,11,'2021-06-01 17:17:45','2021-06-01 17:18:49'),(1340,14,15,'2021-05-12 19:15:13','2021-05-12 19:16:45'),(1341,14,13,'2021-06-17 02:35:10','2021-06-17 02:36:13'),(1342,14,11,'2021-06-03 06:36:18','2021-06-03 06:37:04'),(1343,14,11,'2021-06-15 08:36:04','2021-06-15 08:37:22'),(1344,14,11,'2021-05-07 08:45:17','2021-05-07 08:46:27'),(1345,14,13,'2021-06-09 19:13:26','2021-06-09 19:14:40'),(1346,14,14,'2021-05-07 07:16:45','2021-05-07 07:18:15'),(1347,14,13,'2021-05-04 17:13:44','2021-05-04 17:14:04'),(1348,14,15,'2021-05-06 09:42:11','2021-05-06 09:43:22'),(1349,14,14,'2021-05-08 22:38:12','2021-05-08 22:39:19'),(1350,14,11,'2021-05-12 05:32:07','2021-05-12 05:33:22'),(1351,14,12,'2021-06-12 06:21:33','2021-06-12 06:23:13'),(1352,14,15,'2021-05-31 23:06:30','2021-05-31 23:08:08'),(1353,14,14,'2021-05-06 00:50:07','2021-05-06 00:51:40'),(1354,14,11,'2021-06-02 06:10:41','2021-06-02 06:12:01'),(1355,14,13,'2021-05-03 12:54:55','2021-05-03 12:55:59'),(1356,14,11,'2021-05-31 16:06:10','2021-05-31 16:07:14'),(1357,14,13,'2021-05-21 07:45:33','2021-05-21 07:45:58'),(1358,14,11,'2021-05-17 11:20:02','2021-05-17 11:21:04'),(1359,14,12,'2021-05-16 23:02:25','2021-05-16 23:02:53'),(1360,14,14,'2021-05-24 19:03:31','2021-05-24 19:05:01'),(1361,14,13,'2021-05-16 09:52:33','2021-05-16 09:53:59'),(1362,14,15,'2021-05-12 08:06:24','2021-05-12 08:06:57'),(1363,14,14,'2021-05-13 13:44:56','2021-05-13 13:46:27'),(1364,14,14,'2021-05-06 01:42:58','2021-05-06 01:44:37'),(1365,14,13,'2021-06-15 23:24:47','2021-06-15 23:25:34'),(1366,14,13,'2021-05-06 20:19:28','2021-05-06 20:20:45'),(1367,14,14,'2021-05-16 08:11:11','2021-05-16 08:11:52'),(1368,14,14,'2021-06-15 12:05:15','2021-06-15 12:06:42'),(1369,14,13,'2021-05-03 14:55:33','2021-05-03 14:56:37'),(1370,14,24,'2021-05-14 04:06:40','2021-05-14 05:27:40'),(1371,14,20,'2021-06-09 11:31:22','2021-06-09 12:03:22'),(1372,14,24,'2021-05-14 15:05:13','2021-05-14 16:38:13'),(1373,14,23,'2021-06-06 02:42:57','2021-06-06 03:21:57'),(1374,14,21,'2021-05-03 13:18:38','2021-05-03 14:58:38'),(1375,14,18,'2021-05-07 13:47:20','2021-05-07 14:20:20'),(1376,14,18,'2021-05-07 21:38:56','2021-05-07 23:17:56'),(1377,14,17,'2021-06-16 05:48:16','2021-06-16 06:42:16'),(1378,14,18,'2021-05-24 23:12:21','2021-05-24 23:29:21'),(1379,14,18,'2021-05-30 13:12:42','2021-05-30 14:37:42'),(1380,15,229,'2021-05-15 07:42:25','2021-05-15 16:33:21'),(1381,15,229,'2021-05-22 11:09:31','2021-05-23 10:19:43'),(1382,15,229,'2021-05-07 18:50:29','2021-05-08 04:58:58'),(1383,15,229,'2021-05-12 08:14:44','2021-05-12 11:30:33'),(1384,15,229,'2021-05-11 09:25:28','2021-05-12 04:47:53'),(1385,15,229,'2021-05-04 07:35:14','2021-05-04 15:50:54'),(1386,15,229,'2021-06-18 04:48:48','2021-06-18 21:50:27'),(1387,15,229,'2021-06-02 03:52:37','2021-06-02 19:50:02'),(1388,15,229,'2021-05-09 19:23:14','2021-05-10 17:14:19'),(1389,15,229,'2021-05-09 09:11:25','2021-05-10 02:11:50'),(1390,15,229,'2021-05-25 21:26:20','2021-05-26 07:36:30'),(1391,15,229,'2021-05-17 21:42:23','2021-05-18 04:11:45'),(1392,15,229,'2021-06-04 00:49:53','2021-06-05 08:04:08'),(1393,15,229,'2021-06-06 22:25:36','2021-06-07 15:18:48'),(1394,15,229,'2021-05-20 18:33:36','2021-05-21 21:06:28'),(1395,15,229,'2021-06-08 21:36:23','2021-06-09 06:41:17'),(1396,15,229,'2021-06-04 13:07:14','2021-06-05 10:16:36'),(1397,15,229,'2021-05-27 08:28:59','2021-05-28 12:51:36'),(1398,15,229,'2021-05-28 13:42:05','2021-05-29 20:23:31'),(1399,15,229,'2021-06-08 07:34:29','2021-06-08 16:45:23'),(1400,15,229,'2021-06-16 13:02:02','2021-06-16 22:41:10'),(1401,15,229,'2021-05-14 09:47:36','2021-05-14 22:10:05'),(1402,15,229,'2021-06-10 19:20:36','2021-06-11 13:07:35'),(1403,15,229,'2021-06-01 02:48:35','2021-06-01 15:28:35'),(1404,15,229,'2021-06-12 07:25:29','2021-06-12 20:52:36'),(1405,15,229,'2021-06-17 16:16:52','2021-06-18 09:10:53'),(1406,15,229,'2021-06-13 09:58:01','2021-06-14 03:38:26'),(1407,15,229,'2021-05-26 14:51:55','2021-05-27 07:07:30'),(1408,15,229,'2021-05-03 22:51:06','2021-05-04 21:58:37'),(1409,15,229,'2021-05-25 10:47:47','2021-05-26 10:55:38'),(1410,15,12,'2021-05-31 06:04:50','2021-05-31 06:05:12'),(1411,15,11,'2021-06-12 12:42:25','2021-06-12 12:43:50'),(1412,15,11,'2021-06-14 11:36:12','2021-06-14 11:37:05'),(1413,15,11,'2021-05-31 04:37:47','2021-05-31 04:39:09'),(1414,15,13,'2021-06-06 09:12:43','2021-06-06 09:13:34'),(1415,15,13,'2021-05-04 06:23:19','2021-05-04 06:23:53'),(1416,15,14,'2021-06-13 04:27:06','2021-06-13 04:27:38'),(1417,15,11,'2021-05-06 17:30:04','2021-05-06 17:31:00'),(1418,15,12,'2021-06-14 18:46:18','2021-06-14 18:46:42'),(1419,15,14,'2021-05-26 00:28:29','2021-05-26 00:30:05'),(1420,15,11,'2021-05-29 15:27:50','2021-05-29 15:29:11'),(1421,15,11,'2021-06-03 09:52:57','2021-06-03 09:53:37'),(1422,15,15,'2021-05-16 21:52:43','2021-05-16 21:53:34'),(1423,15,13,'2021-06-07 03:55:01','2021-06-07 03:55:43'),(1424,15,13,'2021-05-23 22:19:18','2021-05-23 22:20:01'),(1425,15,14,'2021-06-06 06:04:15','2021-06-06 06:05:26'),(1426,15,11,'2021-05-09 14:53:37','2021-05-09 14:54:05'),(1427,15,11,'2021-06-14 18:39:00','2021-06-14 18:39:29'),(1428,15,11,'2021-06-03 10:15:08','2021-06-03 10:15:34'),(1429,15,13,'2021-05-22 17:52:23','2021-05-22 17:53:23'),(1430,15,12,'2021-05-06 17:56:03','2021-05-06 17:56:29'),(1431,15,14,'2021-06-11 21:13:16','2021-06-11 21:14:33'),(1432,15,13,'2021-06-07 19:38:02','2021-06-07 19:39:06'),(1433,15,14,'2021-05-17 00:48:00','2021-05-17 00:48:25'),(1434,15,15,'2021-06-06 00:14:57','2021-06-06 00:15:29'),(1435,15,14,'2021-05-26 08:10:13','2021-05-26 08:11:34'),(1436,15,11,'2021-06-01 03:55:33','2021-06-01 03:56:31'),(1437,15,11,'2021-06-06 11:18:10','2021-06-06 11:18:39'),(1438,15,14,'2021-05-27 07:46:56','2021-05-27 07:48:02'),(1439,15,11,'2021-05-23 10:12:15','2021-05-23 10:12:47'),(1440,15,11,'2021-06-10 16:25:13','2021-06-10 16:26:31'),(1441,15,12,'2021-05-22 00:03:32','2021-05-22 00:04:54'),(1442,15,14,'2021-05-22 14:29:22','2021-05-22 14:30:03'),(1443,15,11,'2021-06-05 10:26:50','2021-06-05 10:27:54'),(1444,15,12,'2021-06-10 17:44:43','2021-06-10 17:46:23'),(1445,15,14,'2021-06-09 07:48:37','2021-06-09 07:49:31'),(1446,15,12,'2021-05-14 17:32:08','2021-05-14 17:33:43'),(1447,15,15,'2021-05-13 20:01:19','2021-05-13 20:02:21'),(1448,15,12,'2021-05-04 19:05:24','2021-05-04 19:06:43'),(1449,15,14,'2021-06-05 18:16:04','2021-06-05 18:17:28'),(1450,15,12,'2021-06-02 08:53:49','2021-06-02 08:54:26'),(1451,15,14,'2021-05-19 05:12:35','2021-05-19 05:13:50'),(1452,15,14,'2021-06-10 07:58:02','2021-06-10 07:59:14'),(1453,15,15,'2021-06-14 05:28:17','2021-06-14 05:29:44'),(1454,15,14,'2021-05-14 17:19:43','2021-05-14 17:20:45'),(1455,15,11,'2021-05-17 18:00:29','2021-05-17 18:01:09'),(1456,15,13,'2021-05-18 21:12:14','2021-05-18 21:13:05'),(1457,15,13,'2021-06-10 00:30:54','2021-06-10 00:32:31'),(1458,15,11,'2021-05-13 02:28:00','2021-05-13 02:28:37'),(1459,15,13,'2021-06-12 11:02:13','2021-06-12 11:03:42'),(1460,15,20,'2021-05-14 13:12:47','2021-05-14 14:05:47'),(1461,15,25,'2021-05-23 14:15:51','2021-05-23 15:09:51'),(1462,15,25,'2021-05-29 14:03:18','2021-05-29 15:53:18'),(1463,15,20,'2021-06-18 06:06:01','2021-06-18 06:40:01'),(1464,15,25,'2021-05-20 02:47:33','2021-05-20 03:01:33'),(1465,15,18,'2021-06-09 15:03:58','2021-06-09 16:30:58'),(1466,15,19,'2021-05-09 15:49:12','2021-05-09 17:09:12'),(1467,15,18,'2021-05-26 08:07:54','2021-05-26 10:06:54'),(1468,15,17,'2021-05-07 02:03:18','2021-05-07 03:12:18'),(1469,15,17,'2021-05-22 22:57:49','2021-05-23 00:43:49'),(1470,15,51,'2021-06-14 14:59:42','2021-06-14 16:47:42'),(1471,15,26,'2021-06-14 14:59:42','2021-05-06 12:21:41'),(1472,16,391,'2021-05-22 01:35:53','2021-05-22 18:36:40'),(1473,16,391,'2021-05-18 05:05:00','2021-05-19 09:00:13'),(1474,16,391,'2021-05-27 22:16:16','2021-05-28 20:25:42'),(1475,16,391,'2021-06-15 11:51:58','2021-06-15 23:25:07'),(1476,16,391,'2021-05-28 10:48:45','2021-05-29 05:08:51'),(1477,16,391,'2021-05-04 09:13:51','2021-05-04 18:30:35'),(1478,16,391,'2021-05-28 18:32:43','2021-05-29 23:08:23'),(1479,16,391,'2021-05-28 20:01:29','2021-05-29 12:04:56'),(1480,16,391,'2021-05-30 02:41:14','2021-05-30 11:26:49'),(1481,16,391,'2021-05-04 18:20:58','2021-05-05 05:15:41'),(1482,16,391,'2021-06-12 13:28:19','2021-06-13 09:55:20'),(1483,16,391,'2021-05-12 09:35:24','2021-05-12 19:30:19'),(1484,16,391,'2021-05-21 10:57:03','2021-05-22 12:02:51'),(1485,16,391,'2021-06-06 18:42:31','2021-06-07 06:04:25'),(1486,16,391,'2021-05-09 01:24:35','2021-05-09 12:24:31'),(1487,16,391,'2021-06-06 07:32:03','2021-06-07 05:13:56'),(1488,16,391,'2021-06-10 23:50:22','2021-06-11 07:12:51'),(1489,16,391,'2021-05-14 18:28:11','2021-05-15 04:43:16'),(1490,16,391,'2021-05-16 04:15:02','2021-05-16 20:25:28'),(1491,16,391,'2021-06-20 22:54:17','2021-06-21 23:40:17'),(1492,16,391,'2021-05-03 21:43:41','2021-05-04 23:32:36'),(1493,16,391,'2021-06-20 21:21:18','2021-06-21 23:05:09'),(1494,16,391,'2021-06-08 17:26:09','2021-06-09 11:06:00'),(1495,16,391,'2021-05-04 23:38:11','2021-05-06 00:04:38'),(1496,16,391,'2021-06-13 07:02:34','2021-06-13 17:42:30'),(1497,16,391,'2021-06-06 02:27:57','2021-06-06 17:08:52'),(1498,16,391,'2021-05-06 05:28:38','2021-05-06 13:46:50'),(1499,16,391,'2021-05-04 13:28:59','2021-05-05 16:06:29'),(1500,16,391,'2021-05-15 19:33:57','2021-05-16 05:27:45'),(1501,16,391,'2021-06-05 22:04:08','2021-06-06 09:21:46'),(1502,16,11,'2021-05-30 15:25:08','2021-05-30 15:25:34'),(1503,16,12,'2021-05-27 16:29:12','2021-05-27 16:29:33'),(1504,16,13,'2021-06-06 00:05:32','2021-06-06 00:06:25'),(1505,16,13,'2021-05-20 18:46:45','2021-05-20 18:48:05'),(1506,16,12,'2021-05-23 01:43:24','2021-05-23 01:45:01'),(1507,16,13,'2021-05-30 19:37:00','2021-05-30 19:37:24'),(1508,16,14,'2021-05-18 13:39:56','2021-05-18 13:41:17'),(1509,16,15,'2021-05-28 08:05:06','2021-05-28 08:05:53'),(1510,16,12,'2021-06-15 14:13:32','2021-06-15 14:14:32'),(1511,16,14,'2021-05-15 22:44:58','2021-05-15 22:46:25'),(1512,16,11,'2021-05-14 04:37:01','2021-05-14 04:37:54'),(1513,16,12,'2021-05-17 02:41:42','2021-05-17 02:42:59'),(1514,16,12,'2021-05-04 18:23:31','2021-05-04 18:24:02'),(1515,16,11,'2021-05-07 09:44:49','2021-05-07 09:46:16'),(1516,16,11,'2021-06-14 14:47:03','2021-06-14 14:48:36'),(1517,16,13,'2021-05-21 07:16:54','2021-05-21 07:17:38'),(1518,16,11,'2021-06-03 07:43:33','2021-06-03 07:44:55'),(1519,16,15,'2021-05-25 05:50:20','2021-05-25 05:51:34'),(1520,16,14,'2021-05-06 00:35:33','2021-05-06 00:37:04'),(1521,16,12,'2021-06-07 13:20:12','2021-06-07 13:20:34'),(1522,16,15,'2021-06-13 07:00:06','2021-06-13 07:01:14'),(1523,16,15,'2021-05-30 01:32:45','2021-05-30 01:34:07'),(1524,16,14,'2021-06-02 11:19:17','2021-06-02 11:20:24'),(1525,16,13,'2021-05-07 10:12:16','2021-05-07 10:13:13'),(1526,16,15,'2021-05-21 06:51:17','2021-05-21 06:52:37'),(1527,16,14,'2021-05-04 16:30:53','2021-05-04 16:31:30'),(1528,16,12,'2021-05-19 12:26:23','2021-05-19 12:27:58'),(1529,16,11,'2021-06-19 01:27:34','2021-06-19 01:28:21'),(1530,16,11,'2021-05-29 23:39:02','2021-05-29 23:39:31'),(1531,16,12,'2021-05-03 21:34:55','2021-05-03 21:35:16'),(1532,16,11,'2021-05-28 01:21:02','2021-05-28 01:21:55'),(1533,16,14,'2021-05-29 03:53:37','2021-05-29 03:54:25'),(1534,16,15,'2021-05-06 23:30:55','2021-05-06 23:31:24'),(1535,16,14,'2021-05-10 11:22:26','2021-05-10 11:23:12'),(1536,16,13,'2021-05-25 18:35:03','2021-05-25 18:36:20'),(1537,16,11,'2021-05-25 11:59:07','2021-05-25 12:00:46'),(1538,16,12,'2021-06-06 08:59:03','2021-06-06 08:59:41'),(1539,16,12,'2021-06-07 17:26:06','2021-06-07 17:27:32'),(1540,16,14,'2021-05-22 06:18:35','2021-05-22 06:18:57'),(1541,16,14,'2021-06-11 15:13:41','2021-06-11 15:14:05'),(1542,16,13,'2021-05-18 03:24:13','2021-05-18 03:25:06'),(1543,16,15,'2021-05-31 20:31:08','2021-05-31 20:31:34'),(1544,16,13,'2021-05-22 14:03:14','2021-05-22 14:04:14'),(1545,16,15,'2021-06-11 02:43:55','2021-06-11 02:44:59'),(1546,16,13,'2021-06-08 13:33:19','2021-06-08 13:34:37'),(1547,16,11,'2021-06-12 02:00:56','2021-06-12 02:01:44'),(1548,16,13,'2021-05-08 20:50:41','2021-05-08 20:52:11'),(1549,16,11,'2021-05-09 02:08:08','2021-05-09 02:09:29'),(1550,16,11,'2021-05-29 21:25:05','2021-05-29 21:26:19'),(1551,16,11,'2021-06-18 06:44:44','2021-06-18 06:46:11'),(1552,16,21,'2021-06-04 07:08:55','2021-06-04 07:50:55'),(1553,16,25,'2021-05-11 16:54:42','2021-05-11 17:47:42'),(1554,16,23,'2021-05-29 18:45:52','2021-05-29 19:35:52'),(1555,16,21,'2021-06-12 07:29:23','2021-06-12 09:02:23'),(1556,16,25,'2021-05-16 16:41:08','2021-05-16 18:08:08'),(1557,16,18,'2021-05-24 00:12:06','2021-05-24 01:23:06'),(1558,16,19,'2021-06-12 20:21:53','2021-06-12 22:14:53'),(1559,16,17,'2021-05-25 03:50:26','2021-05-25 05:43:26'),(1560,16,16,'2021-05-05 02:24:41','2021-05-05 04:22:41'),(1561,16,17,'2021-05-10 13:08:13','2021-05-10 15:05:13'),(1562,16,26,'2021-05-18 15:19:30','2021-06-10 22:21:25'),(1563,17,118,'2021-05-30 01:27:20','2021-05-31 02:59:23'),(1564,17,118,'2021-06-16 19:50:26','2021-06-17 06:58:15'),(1565,17,118,'2021-06-07 19:37:14','2021-06-08 04:32:26'),(1566,17,118,'2021-05-16 07:37:22','2021-05-16 10:21:08'),(1567,17,118,'2021-05-10 21:59:05','2021-05-11 13:47:11'),(1568,17,118,'2021-05-30 07:25:03','2021-05-30 16:39:35'),(1569,17,118,'2021-05-10 04:30:15','2021-05-10 16:37:10'),(1570,17,118,'2021-06-04 01:24:19','2021-06-04 22:41:30'),(1571,17,118,'2021-05-18 06:58:01','2021-05-18 17:06:08'),(1572,17,118,'2021-05-03 23:41:13','2021-05-04 07:40:01'),(1573,17,118,'2021-05-08 07:19:13','2021-05-08 17:50:00'),(1574,17,118,'2021-05-15 01:24:12','2021-05-16 04:26:59'),(1575,17,118,'2021-06-13 10:23:44','2021-06-13 22:02:34'),(1576,17,118,'2021-05-26 10:40:41','2021-05-26 19:17:08'),(1577,17,118,'2021-05-28 20:16:52','2021-05-29 19:09:29'),(1578,17,118,'2021-05-09 14:04:50','2021-05-10 00:05:45'),(1579,17,118,'2021-06-13 14:25:31','2021-06-14 14:17:07'),(1580,17,118,'2021-06-18 09:11:47','2021-06-19 16:24:04'),(1581,17,118,'2021-05-22 15:25:19','2021-05-23 12:16:10'),(1582,17,118,'2021-05-19 17:16:29','2021-05-20 04:41:20'),(1583,17,118,'2021-06-11 05:49:56','2021-06-11 17:05:47'),(1584,17,118,'2021-05-12 08:50:28','2021-05-12 22:37:58'),(1585,17,118,'2021-05-31 10:29:12','2021-05-31 22:34:25'),(1586,17,118,'2021-05-23 04:15:33','2021-05-24 04:29:28'),(1587,17,118,'2021-05-14 07:54:48','2021-05-14 16:18:52'),(1588,17,118,'2021-06-13 22:58:08','2021-06-14 19:06:47'),(1589,17,118,'2021-05-19 08:10:34','2021-05-20 07:56:19'),(1590,17,118,'2021-06-17 14:05:43','2021-06-18 06:58:54'),(1591,17,118,'2021-06-05 10:01:20','2021-06-05 16:10:54'),(1592,17,118,'2021-05-29 23:57:34','2021-05-30 21:39:32'),(1593,17,13,'2021-05-28 14:02:30','2021-05-28 14:02:59'),(1594,17,12,'2021-05-24 12:20:27','2021-05-24 12:21:00'),(1595,17,15,'2021-06-17 03:45:48','2021-06-17 03:47:19'),(1596,17,15,'2021-05-19 09:36:38','2021-05-19 09:37:58'),(1597,17,12,'2021-05-26 18:26:39','2021-05-26 18:28:03'),(1598,17,15,'2021-05-20 16:46:04','2021-05-20 16:47:33'),(1599,17,13,'2021-06-12 07:00:10','2021-06-12 07:01:22'),(1600,17,13,'2021-05-18 17:26:10','2021-05-18 17:27:43'),(1601,17,13,'2021-05-17 19:27:32','2021-05-17 19:27:54'),(1602,17,11,'2021-05-31 16:49:51','2021-05-31 16:50:35'),(1603,17,13,'2021-05-07 07:48:13','2021-05-07 07:49:00'),(1604,17,13,'2021-05-24 08:28:23','2021-05-24 08:29:02'),(1605,17,12,'2021-05-22 12:36:36','2021-05-22 12:37:42'),(1606,17,11,'2021-05-31 08:34:14','2021-05-31 08:34:34'),(1607,17,14,'2021-06-11 11:55:02','2021-06-11 11:55:31'),(1608,17,13,'2021-05-18 14:15:08','2021-05-18 14:16:36'),(1609,17,11,'2021-05-20 07:03:30','2021-05-20 07:04:56'),(1610,17,14,'2021-05-25 13:39:07','2021-05-25 13:40:06'),(1611,17,13,'2021-05-14 08:52:44','2021-05-14 08:53:50'),(1612,17,15,'2021-05-09 06:24:36','2021-05-09 06:25:47'),(1613,17,11,'2021-05-04 21:15:07','2021-05-04 21:15:45'),(1614,17,13,'2021-05-14 07:13:28','2021-05-14 07:14:07'),(1615,17,12,'2021-05-26 08:58:29','2021-05-26 08:58:53'),(1616,17,14,'2021-06-04 10:21:17','2021-06-04 10:22:27'),(1617,17,12,'2021-06-15 16:26:16','2021-06-15 16:26:56'),(1618,17,15,'2021-05-04 22:59:41','2021-05-04 23:00:07'),(1619,17,12,'2021-05-06 05:05:14','2021-05-06 05:05:36'),(1620,17,15,'2021-05-07 20:43:40','2021-05-07 20:45:03'),(1621,17,15,'2021-06-02 04:24:13','2021-06-02 04:25:03'),(1622,17,12,'2021-05-04 10:55:11','2021-05-04 10:56:41'),(1623,17,15,'2021-05-21 21:04:05','2021-05-21 21:04:27'),(1624,17,15,'2021-06-16 10:35:20','2021-06-16 10:36:12'),(1625,17,14,'2021-05-08 04:13:27','2021-05-08 04:14:56'),(1626,17,13,'2021-05-07 23:03:35','2021-05-07 23:04:01'),(1627,17,12,'2021-06-04 15:02:42','2021-06-04 15:03:36'),(1628,17,14,'2021-06-01 23:21:53','2021-06-01 23:23:13'),(1629,17,13,'2021-05-09 03:23:58','2021-05-09 03:25:17'),(1630,17,14,'2021-05-09 21:26:44','2021-05-09 21:27:20'),(1631,17,13,'2021-06-18 03:25:13','2021-06-18 03:26:28'),(1632,17,11,'2021-06-03 04:06:55','2021-06-03 04:07:53'),(1633,17,15,'2021-06-19 09:22:31','2021-06-19 09:23:52'),(1634,17,12,'2021-05-30 08:57:57','2021-05-30 08:59:30'),(1635,17,15,'2021-05-20 10:40:04','2021-05-20 10:41:39'),(1636,17,11,'2021-06-15 10:18:13','2021-06-15 10:18:51'),(1637,17,15,'2021-06-05 19:07:45','2021-06-05 19:08:59'),(1638,17,12,'2021-05-03 16:27:26','2021-05-03 16:28:22'),(1639,17,14,'2021-06-05 13:26:51','2021-06-05 13:27:53'),(1640,17,12,'2021-05-08 03:50:12','2021-05-08 03:50:46'),(1641,17,11,'2021-05-27 21:43:54','2021-05-27 21:45:04'),(1642,17,15,'2021-06-10 21:02:25','2021-06-10 21:03:16'),(1643,17,22,'2021-06-03 00:35:03','2021-06-03 02:25:03'),(1644,17,22,'2021-06-03 18:25:50','2021-06-03 19:22:50'),(1645,17,20,'2021-05-26 10:55:15','2021-05-26 12:07:15'),(1646,17,21,'2021-06-08 21:49:53','2021-06-08 23:43:53'),(1647,17,22,'2021-05-08 17:22:27','2021-05-08 17:59:27'),(1648,17,19,'2021-06-08 01:10:14','2021-06-08 02:13:14'),(1649,17,17,'2021-06-16 16:44:15','2021-06-16 17:14:15'),(1650,17,19,'2021-05-23 19:10:43','2021-05-23 21:08:43'),(1651,17,17,'2021-05-29 10:03:30','2021-05-29 11:14:30'),(1652,17,16,'2021-05-04 17:34:17','2021-05-04 18:33:17'),(1653,17,51,'2021-05-05 06:25:38','2021-05-05 07:12:38'),(1654,17,26,'2021-05-05 06:25:38','2021-06-07 23:04:28'),(1655,18,106,'2021-05-26 03:07:55','2021-05-26 11:44:30'),(1656,18,106,'2021-05-29 13:34:48','2021-05-30 02:43:59'),(1657,18,106,'2021-06-21 02:15:04','2021-06-21 17:15:01'),(1658,18,106,'2021-05-16 12:20:07','2021-05-16 20:10:13'),(1659,18,106,'2021-06-03 18:36:46','2021-06-04 15:34:47'),(1660,18,106,'2021-05-22 01:52:31','2021-05-22 11:35:46'),(1661,18,106,'2021-05-26 22:06:54','2021-05-27 13:11:46'),(1662,18,106,'2021-05-31 05:02:43','2021-05-31 22:59:19'),(1663,18,106,'2021-05-04 06:47:17','2021-05-04 20:54:47'),(1664,18,106,'2021-06-19 21:38:38','2021-06-20 12:31:52'),(1665,18,106,'2021-06-08 17:18:50','2021-06-09 09:26:42'),(1666,18,106,'2021-05-18 04:17:25','2021-05-19 08:01:14'),(1667,18,106,'2021-06-12 21:13:26','2021-06-13 05:08:09'),(1668,18,106,'2021-05-16 21:06:49','2021-05-17 19:03:26'),(1669,18,106,'2021-06-17 19:11:05','2021-06-18 09:58:45'),(1670,18,106,'2021-06-10 02:35:19','2021-06-10 16:59:03'),(1671,18,106,'2021-05-29 04:08:56','2021-05-29 17:31:16'),(1672,18,106,'2021-06-17 11:25:54','2021-06-17 19:24:45'),(1673,18,106,'2021-05-24 14:50:08','2021-05-25 12:29:34'),(1674,18,106,'2021-05-22 21:49:39','2021-05-23 11:46:30'),(1675,18,106,'2021-06-20 12:43:31','2021-06-20 21:26:40'),(1676,18,106,'2021-05-22 07:34:55','2021-05-23 05:49:20'),(1677,18,106,'2021-06-19 22:17:19','2021-06-20 19:26:12'),(1678,18,106,'2021-05-30 09:11:28','2021-05-30 16:33:33'),(1679,18,106,'2021-06-17 19:18:58','2021-06-18 16:47:05'),(1680,18,106,'2021-05-08 19:26:31','2021-05-08 23:40:01'),(1681,18,106,'2021-05-18 19:08:08','2021-05-19 12:17:59'),(1682,18,106,'2021-06-09 19:33:38','2021-06-10 18:07:14'),(1683,18,106,'2021-06-17 07:45:16','2021-06-17 12:23:53'),(1684,18,106,'2021-05-10 18:44:42','2021-05-11 20:05:57'),(1685,18,12,'2021-05-24 10:47:29','2021-05-24 10:48:49'),(1686,18,14,'2021-06-01 07:49:59','2021-06-01 07:50:35'),(1687,18,14,'2021-06-20 04:38:11','2021-06-20 04:39:32'),(1688,18,14,'2021-06-21 04:10:30','2021-06-21 04:11:34'),(1689,18,14,'2021-06-20 20:00:43','2021-06-20 20:01:34'),(1690,18,13,'2021-06-07 10:27:30','2021-06-07 10:28:37'),(1691,18,15,'2021-05-24 00:12:51','2021-05-24 00:13:11'),(1692,18,12,'2021-06-15 04:45:05','2021-06-15 04:46:33'),(1693,18,13,'2021-05-19 21:37:14','2021-05-19 21:38:04'),(1694,18,15,'2021-06-20 17:08:46','2021-06-20 17:09:41'),(1695,18,15,'2021-05-29 11:48:29','2021-05-29 11:49:50'),(1696,18,12,'2021-05-11 14:59:25','2021-05-11 15:00:10'),(1697,18,11,'2021-06-10 21:58:24','2021-06-10 21:59:56'),(1698,18,15,'2021-05-23 05:51:38','2021-05-23 05:53:04'),(1699,18,14,'2021-05-18 09:44:04','2021-05-18 09:44:40'),(1700,18,15,'2021-05-09 02:51:17','2021-05-09 02:52:13'),(1701,18,13,'2021-05-31 12:31:12','2021-05-31 12:32:37'),(1702,18,14,'2021-06-06 09:18:42','2021-06-06 09:19:44'),(1703,18,14,'2021-06-05 03:56:06','2021-06-05 03:57:20'),(1704,18,13,'2021-06-13 18:59:12','2021-06-13 19:00:22'),(1705,18,12,'2021-06-09 16:27:56','2021-06-09 16:29:28'),(1706,18,14,'2021-05-15 08:55:17','2021-05-15 08:56:56'),(1707,18,15,'2021-05-20 22:01:16','2021-05-20 22:02:55'),(1708,18,14,'2021-05-28 07:47:36','2021-05-28 07:48:59'),(1709,18,15,'2021-05-31 06:57:10','2021-05-31 06:58:08'),(1710,18,11,'2021-06-19 10:53:54','2021-06-19 10:54:46'),(1711,18,14,'2021-06-05 16:35:17','2021-06-05 16:35:50'),(1712,18,13,'2021-05-05 13:09:56','2021-05-05 13:10:33'),(1713,18,11,'2021-05-28 14:35:55','2021-05-28 14:37:23'),(1714,18,14,'2021-05-29 20:28:55','2021-05-29 20:30:05'),(1715,18,14,'2021-06-07 09:57:16','2021-06-07 09:57:50'),(1716,18,12,'2021-06-18 20:17:42','2021-06-18 20:18:43'),(1717,18,12,'2021-05-25 06:31:31','2021-05-25 06:32:44'),(1718,18,14,'2021-05-06 09:10:43','2021-05-06 09:11:12'),(1719,18,15,'2021-05-07 02:18:05','2021-05-07 02:18:47'),(1720,18,15,'2021-05-31 00:18:05','2021-05-31 00:18:47'),(1721,18,15,'2021-05-09 14:04:25','2021-05-09 14:05:13'),(1722,18,11,'2021-06-05 10:31:12','2021-06-05 10:31:41'),(1723,18,14,'2021-05-05 14:45:13','2021-05-05 14:45:43'),(1724,18,11,'2021-05-10 02:52:31','2021-05-10 02:53:41'),(1725,18,11,'2021-06-20 04:36:49','2021-06-20 04:37:56'),(1726,18,13,'2021-06-15 07:24:45','2021-06-15 07:25:23'),(1727,18,14,'2021-05-19 02:25:38','2021-05-19 02:26:58'),(1728,18,15,'2021-05-22 22:48:29','2021-05-22 22:49:52'),(1729,18,13,'2021-06-06 03:43:06','2021-06-06 03:43:35'),(1730,18,15,'2021-05-10 08:34:33','2021-05-10 08:35:23'),(1731,18,15,'2021-05-18 16:57:57','2021-05-18 16:59:02'),(1732,18,11,'2021-06-17 09:04:54','2021-06-17 09:06:00'),(1733,18,12,'2021-05-04 18:32:14','2021-05-04 18:32:41'),(1734,18,13,'2021-05-06 09:41:46','2021-05-06 09:42:46'),(1735,18,22,'2021-06-12 03:31:44','2021-06-12 05:00:44'),(1736,18,25,'2021-05-28 22:10:03','2021-05-28 22:39:03'),(1737,18,25,'2021-06-07 16:22:49','2021-06-07 16:40:49'),(1738,18,22,'2021-05-31 08:38:26','2021-05-31 09:32:26'),(1739,18,23,'2021-06-11 09:15:56','2021-06-11 09:54:56'),(1740,18,17,'2021-05-18 22:46:11','2021-05-19 00:39:11'),(1741,18,18,'2021-05-28 04:25:26','2021-05-28 04:42:26'),(1742,18,16,'2021-06-05 06:56:08','2021-06-05 07:37:08'),(1743,18,19,'2021-05-13 05:01:56','2021-05-13 06:07:56'),(1744,18,19,'2021-06-01 06:32:57','2021-06-01 06:54:57'),(1745,18,26,'2021-06-12 02:55:32','2021-05-09 01:49:26'),(1746,19,62,'2021-05-21 10:00:47','2021-05-22 10:54:22'),(1747,19,62,'2021-05-09 04:47:05','2021-05-09 21:11:00'),(1748,19,62,'2021-05-27 04:18:03','2021-05-28 09:14:23'),(1749,19,62,'2021-06-11 16:12:55','2021-06-11 22:57:18'),(1750,19,62,'2021-05-31 14:51:05','2021-06-01 16:12:00'),(1751,19,62,'2021-05-06 10:45:06','2021-05-07 06:41:45'),(1752,19,62,'2021-05-10 20:30:14','2021-05-11 08:56:14'),(1753,19,62,'2021-05-26 01:22:39','2021-05-26 15:56:53'),(1754,19,62,'2021-05-22 15:10:59','2021-05-23 14:09:15'),(1755,19,62,'2021-05-11 13:14:58','2021-05-12 11:24:17'),(1756,19,62,'2021-06-11 16:25:43','2021-06-12 11:28:59'),(1757,19,62,'2021-06-16 02:39:25','2021-06-16 19:40:21'),(1758,19,62,'2021-05-17 06:38:10','2021-05-18 08:38:45'),(1759,19,62,'2021-05-09 05:41:18','2021-05-09 13:49:00'),(1760,19,62,'2021-05-29 23:00:22','2021-05-30 10:25:11'),(1761,19,62,'2021-06-12 23:43:07','2021-06-14 00:32:44'),(1762,19,62,'2021-05-26 06:54:15','2021-05-26 18:26:16'),(1763,19,62,'2021-06-13 22:55:11','2021-06-14 09:56:45'),(1764,19,62,'2021-05-20 08:50:25','2021-05-21 01:42:11'),(1765,19,62,'2021-06-06 00:59:02','2021-06-06 21:42:51'),(1766,19,62,'2021-05-11 02:08:26','2021-05-12 07:59:29'),(1767,19,62,'2021-06-07 01:20:31','2021-06-07 09:14:59'),(1768,19,62,'2021-05-19 19:32:42','2021-05-20 20:25:27'),(1769,19,62,'2021-06-21 02:06:19','2021-06-21 16:59:30'),(1770,19,62,'2021-06-19 01:22:49','2021-06-19 12:47:00'),(1771,19,62,'2021-05-30 12:52:12','2021-05-31 11:55:20'),(1772,19,62,'2021-05-18 00:47:36','2021-05-18 12:59:10'),(1773,19,62,'2021-05-18 14:38:45','2021-05-19 16:55:42'),(1774,19,62,'2021-05-15 15:02:59','2021-05-16 18:29:56'),(1775,19,62,'2021-05-04 18:02:36','2021-05-05 12:55:04'),(1776,19,12,'2021-06-03 06:49:49','2021-06-03 06:50:46'),(1777,19,11,'2021-05-22 10:24:15','2021-05-22 10:25:20'),(1778,19,15,'2021-05-13 15:35:15','2021-05-13 15:36:31'),(1779,19,14,'2021-06-07 13:46:27','2021-06-07 13:47:03'),(1780,19,13,'2021-06-11 23:06:15','2021-06-11 23:07:42'),(1781,19,13,'2021-06-21 06:34:12','2021-06-21 06:34:41'),(1782,19,14,'2021-05-22 18:35:50','2021-05-22 18:37:08'),(1783,19,14,'2021-06-17 10:00:31','2021-06-17 10:01:31'),(1784,19,13,'2021-05-05 09:38:41','2021-05-05 09:39:29'),(1785,19,15,'2021-05-15 09:07:30','2021-05-15 09:08:18'),(1786,19,11,'2021-05-22 15:13:58','2021-05-22 15:15:06'),(1787,19,11,'2021-06-03 21:21:35','2021-06-03 21:22:58'),(1788,19,11,'2021-05-21 22:55:06','2021-05-21 22:55:31'),(1789,19,13,'2021-05-08 23:13:20','2021-05-08 23:14:42'),(1790,19,11,'2021-06-05 03:38:14','2021-06-05 03:38:52'),(1791,19,13,'2021-06-18 09:37:21','2021-06-18 09:37:43'),(1792,19,15,'2021-06-09 07:49:44','2021-06-09 07:50:32'),(1793,19,13,'2021-06-01 12:16:08','2021-06-01 12:16:53'),(1794,19,14,'2021-05-24 02:03:07','2021-05-24 02:03:51'),(1795,19,12,'2021-05-20 16:27:12','2021-05-20 16:28:44'),(1796,19,15,'2021-05-18 21:59:39','2021-05-18 22:00:01'),(1797,19,15,'2021-05-06 01:25:04','2021-05-06 01:26:33'),(1798,19,13,'2021-06-06 21:17:20','2021-06-06 21:17:53'),(1799,19,12,'2021-06-06 20:24:27','2021-06-06 20:25:01'),(1800,19,14,'2021-05-31 19:14:20','2021-05-31 19:15:14'),(1801,19,12,'2021-05-17 22:41:59','2021-05-17 22:43:36'),(1802,19,15,'2021-05-25 21:17:42','2021-05-25 21:18:34'),(1803,19,13,'2021-05-28 13:26:39','2021-05-28 13:27:23'),(1804,19,13,'2021-05-06 03:17:45','2021-05-06 03:19:25'),(1805,19,13,'2021-06-10 12:59:02','2021-06-10 12:59:48'),(1806,19,11,'2021-05-23 00:01:46','2021-05-23 00:03:21'),(1807,19,15,'2021-05-23 11:23:44','2021-05-23 11:24:41'),(1808,19,14,'2021-06-10 02:57:08','2021-06-10 02:58:10'),(1809,19,14,'2021-05-14 14:05:27','2021-05-14 14:06:23'),(1810,19,15,'2021-05-05 17:00:28','2021-05-05 17:01:15'),(1811,19,14,'2021-05-07 21:47:52','2021-05-07 21:48:48'),(1812,19,12,'2021-05-04 05:25:05','2021-05-04 05:26:04'),(1813,19,12,'2021-05-14 11:55:40','2021-05-14 11:56:37'),(1814,19,13,'2021-05-06 18:16:30','2021-05-06 18:17:34'),(1815,19,15,'2021-06-10 21:32:56','2021-06-10 21:33:50'),(1816,19,12,'2021-06-03 06:01:44','2021-06-03 06:02:58'),(1817,19,13,'2021-05-20 02:11:11','2021-05-20 02:12:06'),(1818,19,14,'2021-06-03 22:23:17','2021-06-03 22:23:40'),(1819,19,14,'2021-05-21 06:57:39','2021-05-21 06:58:51'),(1820,19,11,'2021-06-04 08:12:01','2021-06-04 08:13:16'),(1821,19,11,'2021-06-01 10:39:33','2021-06-01 10:40:12'),(1822,19,14,'2021-05-30 10:53:44','2021-05-30 10:55:21'),(1823,19,12,'2021-05-11 15:59:51','2021-05-11 16:00:55'),(1824,19,12,'2021-05-28 02:09:44','2021-05-28 02:11:16'),(1825,19,15,'2021-05-12 09:35:34','2021-05-12 09:36:03'),(1826,19,24,'2021-06-05 19:29:50','2021-06-05 19:47:50'),(1827,19,22,'2021-06-05 08:33:08','2021-06-05 09:00:08'),(1828,19,22,'2021-05-20 14:16:13','2021-05-20 14:46:13'),(1829,19,21,'2021-05-13 00:55:44','2021-05-13 02:13:44'),(1830,19,20,'2021-05-18 12:52:28','2021-05-18 14:22:28'),(1831,19,17,'2021-05-25 02:42:46','2021-05-25 02:59:46'),(1832,19,18,'2021-06-16 10:50:53','2021-06-16 11:47:53'),(1833,19,17,'2021-06-21 01:19:58','2021-06-21 03:00:58'),(1834,19,17,'2021-05-10 13:13:33','2021-05-10 13:39:33'),(1835,19,17,'2021-06-02 02:31:10','2021-06-02 03:51:10'),(1836,20,63,'2021-06-14 03:18:41','2021-06-14 12:57:01'),(1837,20,63,'2021-05-19 11:36:28','2021-05-20 08:33:05'),(1838,20,63,'2021-05-10 19:31:19','2021-05-11 02:15:59'),(1839,20,63,'2021-05-27 11:46:17','2021-05-28 05:19:24'),(1840,20,63,'2021-05-09 11:13:12','2021-05-10 16:28:08'),(1841,20,63,'2021-05-13 16:54:59','2021-05-14 09:21:20'),(1842,20,63,'2021-05-10 04:36:53','2021-05-11 02:55:07'),(1843,20,63,'2021-05-15 18:46:12','2021-05-16 22:36:41'),(1844,20,63,'2021-05-26 09:20:03','2021-05-26 15:33:02'),(1845,20,63,'2021-05-31 06:48:23','2021-05-31 21:06:06'),(1846,20,63,'2021-05-29 18:36:13','2021-05-30 06:18:06'),(1847,20,63,'2021-05-15 03:22:24','2021-05-15 14:22:48'),(1848,20,63,'2021-05-28 00:21:32','2021-05-28 23:49:44'),(1849,20,63,'2021-06-01 03:17:29','2021-06-02 02:07:21'),(1850,20,63,'2021-05-25 12:24:32','2021-05-25 23:27:15'),(1851,20,63,'2021-05-26 11:11:47','2021-05-27 05:04:59'),(1852,20,63,'2021-06-10 23:33:03','2021-06-11 03:02:15'),(1853,20,63,'2021-05-12 02:30:42','2021-05-12 11:04:07'),(1854,20,63,'2021-05-13 05:19:51','2021-05-13 14:43:36'),(1855,20,63,'2021-05-12 05:13:12','2021-05-12 17:29:45'),(1856,20,63,'2021-05-13 14:22:37','2021-05-14 13:11:48'),(1857,20,63,'2021-05-30 07:53:29','2021-05-30 23:14:46'),(1858,20,63,'2021-06-17 10:18:19','2021-06-18 03:04:11'),(1859,20,63,'2021-05-31 04:03:17','2021-05-31 15:40:17'),(1860,20,63,'2021-05-27 09:02:36','2021-05-28 00:10:47'),(1861,20,63,'2021-05-03 19:18:17','2021-05-04 16:00:54'),(1862,20,63,'2021-05-05 04:31:42','2021-05-05 14:19:46'),(1863,20,63,'2021-05-30 23:52:01','2021-06-01 04:48:22'),(1864,20,63,'2021-05-23 09:30:24','2021-05-24 09:51:00'),(1865,20,63,'2021-06-16 13:08:50','2021-06-17 01:04:32'),(1866,20,13,'2021-06-12 21:57:34','2021-06-12 21:58:30'),(1867,20,12,'2021-05-27 10:39:07','2021-05-27 10:39:52'),(1868,20,11,'2021-06-01 05:11:41','2021-06-01 05:12:33'),(1869,20,12,'2021-05-08 18:17:00','2021-05-08 18:18:28'),(1870,20,11,'2021-05-31 05:22:54','2021-05-31 05:23:19'),(1871,20,11,'2021-06-08 01:32:42','2021-06-08 01:33:21'),(1872,20,13,'2021-05-26 03:54:04','2021-05-26 03:54:52'),(1873,20,11,'2021-06-17 02:51:01','2021-06-17 02:52:19'),(1874,20,12,'2021-06-14 02:56:43','2021-06-14 02:58:15'),(1875,20,14,'2021-05-09 04:07:37','2021-05-09 04:08:18'),(1876,20,13,'2021-05-17 10:33:16','2021-05-17 10:34:27'),(1877,20,12,'2021-06-16 15:50:50','2021-06-16 15:52:00'),(1878,20,12,'2021-05-13 02:18:45','2021-05-13 02:19:10'),(1879,20,13,'2021-05-19 14:54:33','2021-05-19 14:55:28'),(1880,20,13,'2021-06-04 03:53:59','2021-06-04 03:54:29'),(1881,20,13,'2021-05-28 15:29:49','2021-05-28 15:30:11'),(1882,20,11,'2021-05-17 07:41:12','2021-05-17 07:42:23'),(1883,20,15,'2021-06-10 05:04:08','2021-06-10 05:05:03'),(1884,20,12,'2021-05-31 17:01:12','2021-05-31 17:02:20'),(1885,20,13,'2021-06-17 10:42:08','2021-06-17 10:42:50'),(1886,20,12,'2021-05-06 20:38:39','2021-05-06 20:40:08'),(1887,20,12,'2021-05-06 21:28:44','2021-05-06 21:30:18'),(1888,20,12,'2021-05-14 12:11:29','2021-05-14 12:13:00'),(1889,20,13,'2021-05-03 18:48:33','2021-05-03 18:49:59'),(1890,20,14,'2021-06-09 00:51:44','2021-06-09 00:53:09'),(1891,20,15,'2021-05-24 15:24:15','2021-05-24 15:25:11'),(1892,20,13,'2021-05-27 09:59:55','2021-05-27 10:00:17'),(1893,20,15,'2021-05-15 04:01:45','2021-05-15 04:03:03'),(1894,20,13,'2021-05-11 15:18:52','2021-05-11 15:19:28'),(1895,20,14,'2021-05-16 21:08:41','2021-05-16 21:10:01'),(1896,20,12,'2021-05-23 13:15:01','2021-05-23 13:16:16'),(1897,20,12,'2021-06-04 22:37:27','2021-06-04 22:38:16'),(1898,20,14,'2021-05-26 14:26:44','2021-05-26 14:28:18'),(1899,20,15,'2021-05-27 06:16:35','2021-05-27 06:17:14'),(1900,20,14,'2021-05-24 18:42:14','2021-05-24 18:43:18'),(1901,20,14,'2021-05-05 14:30:28','2021-05-05 14:31:51'),(1902,20,13,'2021-06-10 02:51:42','2021-06-10 02:52:19'),(1903,20,12,'2021-05-28 06:52:34','2021-05-28 06:53:27'),(1904,20,15,'2021-06-02 22:43:25','2021-06-02 22:43:54'),(1905,20,12,'2021-05-05 20:13:10','2021-05-05 20:13:42'),(1906,20,11,'2021-06-03 22:01:13','2021-06-03 22:01:43'),(1907,20,11,'2021-05-25 11:59:39','2021-05-25 12:00:02'),(1908,20,15,'2021-06-17 09:50:04','2021-06-17 09:51:35'),(1909,20,14,'2021-05-11 23:56:39','2021-05-11 23:57:44'),(1910,20,11,'2021-05-30 04:54:39','2021-05-30 04:56:16'),(1911,20,13,'2021-06-16 11:05:49','2021-06-16 11:06:40'),(1912,20,12,'2021-05-30 06:40:29','2021-05-30 06:41:20'),(1913,20,13,'2021-06-12 05:26:59','2021-06-12 05:28:10'),(1914,20,12,'2021-05-14 20:43:17','2021-05-14 20:44:37'),(1915,20,15,'2021-06-08 06:05:53','2021-06-08 06:06:34'),(1916,20,22,'2021-05-26 14:23:29','2021-05-26 15:39:29'),(1917,20,24,'2021-05-22 18:31:24','2021-05-22 19:30:24'),(1918,20,21,'2021-06-09 10:17:29','2021-06-09 11:45:29'),(1919,20,20,'2021-05-13 17:50:02','2021-05-13 18:01:02'),(1920,20,24,'2021-06-05 08:40:09','2021-06-05 09:15:09'),(1921,20,19,'2021-05-13 09:08:52','2021-05-13 09:57:52'),(1922,20,19,'2021-05-06 13:57:40','2021-05-06 14:40:40'),(1923,20,16,'2021-05-30 04:20:49','2021-05-30 06:13:49'),(1924,20,16,'2021-06-12 18:43:46','2021-06-12 19:35:46'),(1925,20,16,'2021-05-13 17:04:23','2021-05-13 17:19:23'),(1926,21,104,'2021-05-13 06:16:00','2021-05-13 17:47:27'),(1927,21,104,'2021-05-27 20:58:55','2021-05-29 06:00:17'),(1928,21,104,'2021-06-01 05:20:58','2021-06-01 17:33:34'),(1929,21,104,'2021-06-09 17:28:53','2021-06-10 23:31:46'),(1930,21,104,'2021-06-17 14:16:00','2021-06-17 22:59:51'),(1931,21,104,'2021-05-20 01:48:56','2021-05-20 10:39:54'),(1932,21,104,'2021-06-02 10:55:54','2021-06-03 10:38:02'),(1933,21,104,'2021-06-02 22:51:42','2021-06-03 13:01:40'),(1934,21,104,'2021-05-22 04:55:44','2021-05-22 13:29:47'),(1935,21,104,'2021-05-27 21:37:38','2021-05-28 02:33:10'),(1936,21,104,'2021-06-17 20:20:24','2021-06-19 01:20:47'),(1937,21,104,'2021-05-18 02:44:45','2021-05-18 19:25:28'),(1938,21,104,'2021-06-11 22:08:04','2021-06-12 12:33:47'),(1939,21,104,'2021-05-12 03:46:10','2021-05-13 06:56:27'),(1940,21,104,'2021-06-13 22:10:31','2021-06-14 23:12:27'),(1941,21,104,'2021-06-04 02:46:53','2021-06-04 20:21:27'),(1942,21,104,'2021-06-09 18:58:09','2021-06-10 05:07:30'),(1943,21,104,'2021-06-13 03:36:01','2021-06-14 10:49:24'),(1944,21,104,'2021-05-10 20:05:16','2021-05-11 12:16:23'),(1945,21,104,'2021-06-09 05:35:04','2021-06-10 10:56:53'),(1946,21,104,'2021-05-03 22:07:18','2021-05-04 04:43:14'),(1947,21,104,'2021-05-23 21:16:17','2021-05-24 04:57:14'),(1948,21,104,'2021-05-15 17:27:25','2021-05-15 22:18:27'),(1949,21,104,'2021-05-30 06:56:02','2021-05-31 08:50:37'),(1950,21,104,'2021-05-13 19:37:27','2021-05-14 21:39:47'),(1951,21,104,'2021-05-22 19:51:54','2021-05-23 01:54:30'),(1952,21,104,'2021-06-15 04:18:09','2021-06-15 09:52:49'),(1953,21,104,'2021-05-20 06:46:16','2021-05-20 23:40:29'),(1954,21,104,'2021-06-03 00:18:03','2021-06-04 06:18:09'),(1955,21,104,'2021-06-05 08:39:56','2021-06-06 00:53:16'),(1956,21,11,'2021-06-16 10:02:46','2021-06-16 10:03:26'),(1957,21,14,'2021-05-16 07:25:58','2021-05-16 07:26:56'),(1958,21,14,'2021-05-23 11:09:41','2021-05-23 11:10:03'),(1959,21,13,'2021-06-12 19:30:38','2021-06-12 19:31:56'),(1960,21,15,'2021-05-07 23:24:07','2021-05-07 23:25:03'),(1961,21,12,'2021-05-22 14:20:19','2021-05-22 14:21:49'),(1962,21,15,'2021-06-05 21:29:51','2021-06-05 21:31:16'),(1963,21,13,'2021-06-05 09:42:28','2021-06-05 09:42:55'),(1964,21,11,'2021-06-06 07:02:58','2021-06-06 07:04:09'),(1965,21,15,'2021-05-21 00:23:55','2021-05-21 00:25:29'),(1966,21,12,'2021-05-23 04:59:26','2021-05-23 05:00:52'),(1967,21,12,'2021-06-17 18:45:34','2021-06-17 18:46:37'),(1968,21,13,'2021-05-04 19:57:11','2021-05-04 19:58:14'),(1969,21,12,'2021-06-04 03:18:22','2021-06-04 03:19:14'),(1970,21,12,'2021-05-22 01:13:28','2021-05-22 01:14:34'),(1971,21,15,'2021-06-07 02:16:53','2021-06-07 02:18:00'),(1972,21,14,'2021-05-15 15:47:45','2021-05-15 15:49:04'),(1973,21,15,'2021-05-27 00:23:14','2021-05-27 00:23:44'),(1974,21,13,'2021-05-28 02:24:39','2021-05-28 02:25:49'),(1975,21,15,'2021-05-31 07:18:11','2021-05-31 07:18:42'),(1976,21,14,'2021-05-10 06:58:12','2021-05-10 06:59:06'),(1977,21,14,'2021-05-21 07:36:15','2021-05-21 07:37:30'),(1978,21,14,'2021-06-13 07:53:12','2021-06-13 07:54:51'),(1979,21,15,'2021-05-24 10:50:54','2021-05-24 10:52:20'),(1980,21,14,'2021-05-13 06:30:12','2021-05-13 06:31:46'),(1981,21,15,'2021-05-20 15:24:04','2021-05-20 15:24:37'),(1982,21,13,'2021-05-29 17:35:20','2021-05-29 17:36:25'),(1983,21,13,'2021-06-15 08:56:58','2021-06-15 08:57:27'),(1984,21,11,'2021-05-11 17:11:34','2021-05-11 17:12:34'),(1985,21,12,'2021-06-09 15:36:35','2021-06-09 15:37:08'),(1986,21,13,'2021-06-03 22:13:43','2021-06-03 22:14:55'),(1987,21,12,'2021-06-15 10:24:51','2021-06-15 10:26:22'),(1988,21,12,'2021-06-08 18:42:50','2021-06-08 18:43:46'),(1989,21,12,'2021-05-31 16:37:50','2021-05-31 16:39:04'),(1990,21,11,'2021-05-13 06:47:37','2021-05-13 06:48:53'),(1991,21,12,'2021-06-02 18:19:09','2021-06-02 18:20:31'),(1992,21,13,'2021-06-02 18:09:08','2021-06-02 18:09:40'),(1993,21,14,'2021-05-25 13:44:02','2021-05-25 13:45:31'),(1994,21,14,'2021-05-06 20:49:10','2021-05-06 20:50:45'),(1995,21,14,'2021-06-05 10:11:47','2021-06-05 10:13:20'),(1996,21,15,'2021-05-25 10:06:08','2021-05-25 10:07:19'),(1997,21,15,'2021-05-05 04:27:13','2021-05-05 04:27:35'),(1998,21,13,'2021-06-18 04:02:44','2021-06-18 04:04:16'),(1999,21,11,'2021-06-16 22:08:46','2021-06-16 22:09:20'),(2000,21,14,'2021-05-30 01:47:52','2021-05-30 01:48:55'),(2001,21,15,'2021-06-14 10:35:18','2021-06-14 10:36:07'),(2002,21,12,'2021-05-23 18:21:31','2021-05-23 18:23:08'),(2003,21,14,'2021-06-13 03:41:24','2021-06-13 03:42:28'),(2004,21,14,'2021-05-08 23:54:44','2021-05-08 23:55:56'),(2005,21,11,'2021-06-13 09:43:55','2021-06-13 09:45:35'),(2006,21,23,'2021-05-22 11:28:51','2021-05-22 13:10:51'),(2007,21,20,'2021-06-08 18:07:32','2021-06-08 18:35:32'),(2008,21,25,'2021-06-04 14:53:07','2021-06-04 16:35:07'),(2009,21,20,'2021-06-06 11:13:20','2021-06-06 11:54:20'),(2010,21,22,'2021-05-28 23:21:35','2021-05-29 01:05:35'),(2011,21,17,'2021-06-03 20:40:47','2021-06-03 21:33:47'),(2012,21,19,'2021-06-03 20:51:23','2021-06-03 22:03:23'),(2013,21,19,'2021-05-05 19:42:33','2021-05-05 21:13:33'),(2014,21,19,'2021-05-14 16:15:14','2021-05-14 16:59:14'),(2015,21,18,'2021-05-28 04:56:48','2021-05-28 06:17:48'),(2016,21,51,'2021-05-19 10:41:47','2021-05-19 11:52:47'),(2017,22,105,'2021-06-11 07:42:23','2021-06-12 04:08:38'),(2018,22,105,'2021-05-24 01:57:06','2021-05-24 07:21:00'),(2019,22,105,'2021-06-10 08:55:50','2021-06-10 16:58:29'),(2020,22,105,'2021-05-12 10:40:43','2021-05-13 08:35:45'),(2021,22,105,'2021-06-04 08:44:16','2021-06-04 16:34:42'),(2022,22,105,'2021-05-10 12:03:47','2021-05-10 17:46:38'),(2023,22,105,'2021-05-16 17:23:59','2021-05-17 16:27:12'),(2024,22,105,'2021-05-28 20:03:14','2021-05-29 17:33:16'),(2025,22,105,'2021-05-14 11:45:49','2021-05-15 01:05:47'),(2026,22,105,'2021-05-25 08:07:58','2021-05-25 14:45:36'),(2027,22,105,'2021-05-22 22:00:23','2021-05-23 00:19:54'),(2028,22,105,'2021-05-18 01:43:53','2021-05-18 12:24:44'),(2029,22,105,'2021-05-29 17:39:26','2021-05-29 23:42:49'),(2030,22,105,'2021-05-16 11:34:36','2021-05-16 20:02:15'),(2031,22,105,'2021-06-16 18:48:09','2021-06-17 13:09:55'),(2032,22,105,'2021-05-11 19:59:51','2021-05-12 06:03:58'),(2033,22,105,'2021-05-24 14:06:43','2021-05-25 16:31:29'),(2034,22,105,'2021-05-13 11:40:22','2021-05-14 00:59:33'),(2035,22,105,'2021-05-03 09:45:54','2021-05-03 16:02:44'),(2036,22,105,'2021-05-18 10:37:55','2021-05-18 23:11:06'),(2037,22,105,'2021-05-04 23:51:13','2021-05-05 07:07:35'),(2038,22,105,'2021-05-11 04:39:57','2021-05-12 12:11:43'),(2039,22,105,'2021-05-21 05:02:31','2021-05-22 04:00:40'),(2040,22,105,'2021-05-30 07:30:34','2021-05-30 18:30:08'),(2041,22,105,'2021-05-11 13:02:26','2021-05-11 17:09:57'),(2042,22,105,'2021-05-31 03:30:24','2021-05-31 12:49:33'),(2043,22,105,'2021-05-29 17:35:30','2021-05-30 19:30:53'),(2044,22,105,'2021-05-07 02:04:30','2021-05-08 02:52:48'),(2045,22,105,'2021-06-15 09:02:54','2021-06-16 00:55:05'),(2046,22,105,'2021-05-24 18:38:42','2021-05-25 15:14:00'),(2047,22,11,'2021-06-19 08:26:33','2021-06-19 08:27:38'),(2048,22,11,'2021-06-08 06:39:31','2021-06-08 06:40:35'),(2049,22,12,'2021-06-01 04:20:39','2021-06-01 04:21:45'),(2050,22,12,'2021-06-13 08:21:49','2021-06-13 08:23:24'),(2051,22,15,'2021-06-12 23:37:02','2021-06-12 23:37:55'),(2052,22,12,'2021-06-13 22:12:15','2021-06-13 22:13:33'),(2053,22,12,'2021-06-06 16:39:48','2021-06-06 16:41:13'),(2054,22,15,'2021-05-13 01:42:20','2021-05-13 01:43:51'),(2055,22,14,'2021-06-14 20:51:40','2021-06-14 20:53:14'),(2056,22,12,'2021-06-04 23:13:26','2021-06-04 23:13:57'),(2057,22,11,'2021-05-24 09:25:34','2021-05-24 09:26:06'),(2058,22,13,'2021-06-01 15:31:40','2021-06-01 15:33:06'),(2059,22,15,'2021-05-12 07:22:56','2021-05-12 07:24:10'),(2060,22,13,'2021-06-02 16:08:52','2021-06-02 16:10:28'),(2061,22,14,'2021-05-15 13:43:49','2021-05-15 13:44:32'),(2062,22,15,'2021-05-10 13:22:08','2021-05-10 13:22:58'),(2063,22,13,'2021-06-15 18:06:51','2021-06-15 18:07:39'),(2064,22,15,'2021-05-15 20:29:53','2021-05-15 20:31:16'),(2065,22,13,'2021-06-01 23:19:34','2021-06-01 23:20:25'),(2066,22,11,'2021-05-05 19:43:56','2021-05-05 19:44:21'),(2067,22,12,'2021-05-23 04:29:23','2021-05-23 04:30:20'),(2068,22,14,'2021-05-26 15:50:20','2021-05-26 15:51:05'),(2069,22,14,'2021-05-09 00:23:00','2021-05-09 00:23:48'),(2070,22,13,'2021-05-13 08:25:13','2021-05-13 08:25:48'),(2071,22,11,'2021-06-12 05:20:15','2021-06-12 05:21:18'),(2072,22,13,'2021-05-15 13:58:06','2021-05-15 13:59:03'),(2073,22,12,'2021-06-14 19:53:48','2021-06-14 19:55:25'),(2074,22,15,'2021-06-02 06:41:10','2021-06-02 06:42:03'),(2075,22,15,'2021-05-27 04:47:46','2021-05-27 04:49:14'),(2076,22,13,'2021-06-18 17:03:36','2021-06-18 17:04:53'),(2077,22,12,'2021-05-17 23:23:24','2021-05-17 23:24:33'),(2078,22,12,'2021-06-03 02:57:54','2021-06-03 02:59:28'),(2079,22,15,'2021-05-16 19:17:15','2021-05-16 19:18:13'),(2080,22,13,'2021-05-10 11:34:11','2021-05-10 11:35:27'),(2081,22,14,'2021-06-09 21:51:56','2021-06-09 21:53:01'),(2082,22,15,'2021-06-12 13:27:55','2021-06-12 13:29:11'),(2083,22,13,'2021-06-06 03:42:33','2021-06-06 03:43:42'),(2084,22,15,'2021-06-20 10:21:45','2021-06-20 10:22:55'),(2085,22,14,'2021-05-03 14:54:20','2021-05-03 14:54:50'),(2086,22,12,'2021-06-06 13:23:41','2021-06-06 13:24:01'),(2087,22,15,'2021-05-30 17:51:17','2021-05-30 17:52:14'),(2088,22,13,'2021-06-04 09:49:11','2021-06-04 09:50:19'),(2089,22,12,'2021-05-05 14:15:09','2021-05-05 14:15:35'),(2090,22,12,'2021-05-19 04:56:35','2021-05-19 04:57:04'),(2091,22,11,'2021-05-27 03:56:29','2021-05-27 03:58:09'),(2092,22,13,'2021-05-20 19:14:39','2021-05-20 19:15:07'),(2093,22,15,'2021-05-07 10:45:13','2021-05-07 10:46:24'),(2094,22,11,'2021-06-21 04:19:32','2021-06-21 04:20:01'),(2095,22,15,'2021-06-10 10:41:31','2021-06-10 10:42:12'),(2096,22,11,'2021-05-24 10:45:33','2021-05-24 10:46:16'),(2097,22,23,'2021-05-30 05:58:10','2021-05-30 06:48:10'),(2098,22,22,'2021-06-13 03:53:34','2021-06-13 04:50:34'),(2099,22,23,'2021-05-13 21:58:46','2021-05-13 22:15:46'),(2100,22,23,'2021-05-20 17:51:40','2021-05-20 18:56:40'),(2101,22,25,'2021-05-17 15:06:18','2021-05-17 16:43:18'),(2102,22,16,'2021-05-17 20:54:25','2021-05-17 21:22:25'),(2103,22,19,'2021-06-11 03:32:20','2021-06-11 04:14:20'),(2104,22,17,'2021-06-08 19:10:14','2021-06-08 19:54:14'),(2105,22,19,'2021-05-29 17:38:45','2021-05-29 19:19:45'),(2106,22,19,'2021-05-26 02:11:15','2021-05-26 03:05:15'),(2107,22,51,'2021-05-31 01:37:36','2021-05-31 03:15:36'),(2108,22,26,'2021-05-31 01:37:36','2021-06-17 16:00:08'),(2109,23,120,'2021-06-16 16:19:35','2021-06-17 12:19:02'),(2110,23,120,'2021-05-11 08:47:41','2021-05-11 23:12:07'),(2111,23,120,'2021-05-07 14:35:08','2021-05-08 13:08:34'),(2112,23,120,'2021-05-31 08:48:36','2021-06-01 08:05:32'),(2113,23,120,'2021-06-10 19:04:40','2021-06-11 00:43:53'),(2114,23,120,'2021-05-19 05:05:27','2021-05-19 10:35:19'),(2115,23,120,'2021-05-19 17:47:26','2021-05-20 02:08:55'),(2116,23,120,'2021-06-03 09:48:09','2021-06-04 16:53:59'),(2117,23,120,'2021-05-20 14:44:00','2021-05-20 19:23:43'),(2118,23,120,'2021-05-07 04:53:19','2021-05-07 21:47:54'),(2119,23,120,'2021-06-16 08:09:16','2021-06-16 17:08:56'),(2120,23,120,'2021-05-07 20:17:48','2021-05-08 11:31:49'),(2121,23,120,'2021-05-29 04:55:02','2021-05-29 07:55:35'),(2122,23,120,'2021-06-07 15:32:48','2021-06-08 21:20:00'),(2123,23,120,'2021-06-15 02:46:20','2021-06-15 10:27:58'),(2124,23,120,'2021-05-29 03:06:27','2021-05-29 22:20:11'),(2125,23,120,'2021-05-08 05:08:10','2021-05-08 23:28:50'),(2126,23,120,'2021-06-09 13:50:07','2021-06-10 05:21:38'),(2127,23,120,'2021-05-18 03:56:17','2021-05-18 15:40:11'),(2128,23,120,'2021-05-17 06:32:38','2021-05-18 06:43:13'),(2129,23,120,'2021-05-31 03:47:00','2021-05-31 10:26:04'),(2130,23,120,'2021-05-04 14:04:33','2021-05-05 00:39:07'),(2131,23,120,'2021-06-17 06:25:11','2021-06-17 17:38:00'),(2132,23,120,'2021-06-07 15:25:36','2021-06-08 03:36:59'),(2133,23,120,'2021-05-07 10:08:00','2021-05-08 14:14:13'),(2134,23,120,'2021-06-15 22:52:46','2021-06-17 04:42:07'),(2135,23,120,'2021-05-10 03:05:00','2021-05-11 02:00:40'),(2136,23,120,'2021-06-14 08:23:43','2021-06-15 08:55:14'),(2137,23,120,'2021-06-07 08:39:30','2021-06-08 09:34:10'),(2138,23,120,'2021-06-01 02:05:21','2021-06-01 07:48:21'),(2139,23,15,'2021-05-04 03:10:04','2021-05-04 03:10:40'),(2140,23,15,'2021-06-14 14:12:46','2021-06-14 14:13:35'),(2141,23,14,'2021-05-06 05:25:42','2021-05-06 05:26:53'),(2142,23,14,'2021-05-20 12:56:44','2021-05-20 12:57:05'),(2143,23,14,'2021-05-09 13:49:09','2021-05-09 13:50:24'),(2144,23,12,'2021-06-17 02:26:12','2021-06-17 02:26:46'),(2145,23,15,'2021-06-19 14:12:18','2021-06-19 14:13:11'),(2146,23,11,'2021-05-07 17:06:28','2021-05-07 17:07:25'),(2147,23,12,'2021-06-15 04:12:22','2021-06-15 04:13:25'),(2148,23,11,'2021-05-12 21:45:50','2021-05-12 21:46:34'),(2149,23,15,'2021-05-07 13:43:17','2021-05-07 13:43:49'),(2150,23,11,'2021-06-06 12:02:53','2021-06-06 12:03:55'),(2151,23,15,'2021-06-12 18:46:36','2021-06-12 18:47:55'),(2152,23,15,'2021-05-05 16:45:37','2021-05-05 16:47:12'),(2153,23,11,'2021-05-13 02:43:32','2021-05-13 02:44:03'),(2154,23,14,'2021-05-04 22:45:05','2021-05-04 22:45:47'),(2155,23,11,'2021-06-03 03:56:33','2021-06-03 03:58:10'),(2156,23,14,'2021-05-09 20:22:29','2021-05-09 20:24:02'),(2157,23,13,'2021-05-10 07:17:34','2021-05-10 07:18:11'),(2158,23,15,'2021-06-03 05:37:29','2021-06-03 05:38:43'),(2159,23,14,'2021-06-18 16:43:31','2021-06-18 16:43:53'),(2160,23,15,'2021-05-25 23:51:49','2021-05-25 23:52:30'),(2161,23,15,'2021-06-03 20:08:51','2021-06-03 20:10:28'),(2162,23,12,'2021-06-04 17:40:59','2021-06-04 17:41:57'),(2163,23,11,'2021-06-03 18:11:45','2021-06-03 18:13:17'),(2164,23,11,'2021-05-30 04:36:05','2021-05-30 04:37:01'),(2165,23,12,'2021-06-10 00:32:25','2021-06-10 00:33:18'),(2166,23,15,'2021-06-13 02:41:35','2021-06-13 02:42:53'),(2167,23,15,'2021-05-25 00:04:18','2021-05-25 00:04:39'),(2168,23,15,'2021-05-22 06:57:05','2021-05-22 06:58:34'),(2169,23,12,'2021-05-19 02:44:31','2021-05-19 02:45:39'),(2170,23,12,'2021-06-07 07:28:14','2021-06-07 07:29:25'),(2171,23,14,'2021-05-28 05:09:46','2021-05-28 05:10:24'),(2172,23,12,'2021-06-19 06:05:32','2021-06-19 06:06:19'),(2173,23,12,'2021-05-21 17:58:43','2021-05-21 17:59:11'),(2174,23,12,'2021-05-04 16:11:59','2021-05-04 16:13:16'),(2175,23,13,'2021-05-11 12:33:58','2021-05-11 12:34:42'),(2176,23,13,'2021-05-12 02:13:40','2021-05-12 02:15:02'),(2177,23,12,'2021-05-18 01:47:41','2021-05-18 01:48:39'),(2178,23,13,'2021-05-18 22:33:29','2021-05-18 22:34:31'),(2179,23,14,'2021-05-28 02:49:02','2021-05-28 02:50:22'),(2180,23,15,'2021-06-16 01:13:24','2021-06-16 01:14:15'),(2181,23,12,'2021-05-22 09:18:04','2021-05-22 09:18:32'),(2182,23,13,'2021-05-08 08:15:43','2021-05-08 08:17:13'),(2183,23,14,'2021-06-15 22:48:07','2021-06-15 22:49:13'),(2184,23,12,'2021-05-17 09:06:17','2021-05-17 09:07:36'),(2185,23,15,'2021-05-22 23:55:13','2021-05-22 23:56:45'),(2186,23,11,'2021-06-17 10:55:42','2021-06-17 10:56:48'),(2187,23,12,'2021-06-04 10:24:25','2021-06-04 10:25:01'),(2188,23,11,'2021-05-15 16:01:42','2021-05-15 16:02:55'),(2189,23,25,'2021-05-09 23:20:27','2021-05-09 23:54:27'),(2190,23,25,'2021-06-08 05:32:30','2021-06-08 05:42:30'),(2191,23,23,'2021-05-23 11:42:18','2021-05-23 12:49:18'),(2192,23,23,'2021-05-11 01:19:54','2021-05-11 01:32:54'),(2193,23,25,'2021-05-14 06:16:14','2021-05-14 07:45:14'),(2194,23,16,'2021-06-13 17:24:19','2021-06-13 19:20:19'),(2195,23,16,'2021-06-05 00:44:35','2021-06-05 01:31:35'),(2196,23,19,'2021-05-25 09:41:37','2021-05-25 10:48:37'),(2197,23,19,'2021-06-09 10:55:17','2021-06-09 12:17:17'),(2198,23,19,'2021-06-05 07:14:52','2021-06-05 08:12:52'),(2199,23,26,'2021-06-11 10:47:32','2021-05-28 03:16:34'),(2200,24,120,'2021-05-20 08:02:06','2021-05-21 08:39:48'),(2201,24,120,'2021-06-14 14:38:32','2021-06-15 14:16:25'),(2202,24,120,'2021-05-05 19:51:05','2021-05-06 10:11:13'),(2203,24,120,'2021-05-31 23:55:19','2021-06-01 14:56:34'),(2204,24,120,'2021-05-03 21:26:49','2021-05-04 18:18:10'),(2205,24,120,'2021-05-18 20:28:48','2021-05-19 05:11:22'),(2206,24,120,'2021-05-25 00:42:15','2021-05-25 08:49:44'),(2207,24,120,'2021-06-18 07:50:35','2021-06-18 15:56:51'),(2208,24,120,'2021-06-10 07:20:18','2021-06-11 00:08:22'),(2209,24,120,'2021-06-13 22:13:55','2021-06-14 22:19:43'),(2210,24,120,'2021-06-13 14:29:01','2021-06-14 15:03:59'),(2211,24,120,'2021-06-09 12:12:27','2021-06-09 21:55:47'),(2212,24,120,'2021-05-26 01:19:21','2021-05-26 15:31:52'),(2213,24,120,'2021-06-12 09:10:53','2021-06-12 11:27:46'),(2214,24,120,'2021-06-05 03:13:52','2021-06-06 07:03:42'),(2215,24,120,'2021-05-10 18:27:42','2021-05-11 20:44:28'),(2216,24,120,'2021-06-12 07:22:41','2021-06-12 16:52:17'),(2217,24,120,'2021-06-02 04:14:39','2021-06-02 14:07:49'),(2218,24,120,'2021-05-25 05:23:54','2021-05-26 13:16:42'),(2219,24,120,'2021-05-16 13:17:56','2021-05-17 03:34:07'),(2220,24,120,'2021-06-12 04:07:14','2021-06-13 06:32:16'),(2221,24,120,'2021-06-03 03:31:02','2021-06-03 17:18:36'),(2222,24,120,'2021-06-10 07:04:54','2021-06-11 05:43:56'),(2223,24,120,'2021-06-15 21:38:07','2021-06-17 00:18:38'),(2224,24,120,'2021-05-31 03:55:24','2021-06-01 03:32:10'),(2225,24,120,'2021-06-11 11:59:48','2021-06-12 15:46:12'),(2226,24,120,'2021-05-19 11:38:20','2021-05-19 16:44:05'),(2227,24,120,'2021-05-28 15:59:03','2021-05-29 13:32:04'),(2228,24,120,'2021-05-04 18:35:05','2021-05-05 12:44:18'),(2229,24,120,'2021-05-03 20:57:06','2021-05-04 11:17:27'),(2230,24,13,'2021-05-15 11:00:39','2021-05-15 11:01:28'),(2231,24,13,'2021-06-03 13:43:47','2021-06-03 13:44:31'),(2232,24,15,'2021-05-16 06:18:01','2021-05-16 06:18:49'),(2233,24,15,'2021-05-11 09:56:37','2021-05-11 09:57:24'),(2234,24,12,'2021-05-09 09:14:11','2021-05-09 09:15:28'),(2235,24,15,'2021-05-21 15:14:28','2021-05-21 15:14:59'),(2236,24,13,'2021-05-17 11:13:42','2021-05-17 11:14:07'),(2237,24,11,'2021-05-13 13:07:04','2021-05-13 13:07:37'),(2238,24,13,'2021-06-05 17:25:17','2021-06-05 17:26:27'),(2239,24,11,'2021-06-06 06:55:31','2021-06-06 06:56:23'),(2240,24,14,'2021-05-15 17:31:39','2021-05-15 17:32:02'),(2241,24,15,'2021-05-06 14:15:11','2021-05-06 14:15:42'),(2242,24,13,'2021-05-05 13:23:32','2021-05-05 13:24:08'),(2243,24,11,'2021-05-27 22:51:30','2021-05-27 22:52:20'),(2244,24,14,'2021-05-12 20:42:45','2021-05-12 20:44:05'),(2245,24,12,'2021-06-09 13:24:42','2021-06-09 13:25:22'),(2246,24,15,'2021-06-07 17:21:27','2021-06-07 17:21:49'),(2247,24,15,'2021-05-14 06:28:40','2021-05-14 06:29:21'),(2248,24,12,'2021-06-01 17:14:27','2021-06-01 17:15:23'),(2249,24,13,'2021-05-15 22:40:12','2021-05-15 22:41:05'),(2250,24,11,'2021-05-28 13:39:35','2021-05-28 13:39:58'),(2251,24,12,'2021-05-19 01:51:21','2021-05-19 01:52:10'),(2252,24,13,'2021-05-09 01:47:46','2021-05-09 01:49:21'),(2253,24,12,'2021-05-20 03:27:59','2021-05-20 03:28:34'),(2254,24,12,'2021-05-17 08:56:51','2021-05-17 08:58:28'),(2255,24,11,'2021-05-18 02:50:24','2021-05-18 02:51:02'),(2256,24,11,'2021-06-17 07:37:22','2021-06-17 07:37:46'),(2257,24,13,'2021-05-09 10:03:01','2021-05-09 10:03:37'),(2258,24,11,'2021-06-18 22:59:48','2021-06-18 23:01:07'),(2259,24,14,'2021-06-17 23:09:23','2021-06-17 23:10:34'),(2260,24,15,'2021-06-01 13:19:54','2021-06-01 13:20:29'),(2261,24,11,'2021-05-04 04:40:41','2021-05-04 04:41:21'),(2262,24,15,'2021-05-06 09:40:36','2021-05-06 09:41:16'),(2263,24,14,'2021-06-16 10:51:48','2021-06-16 10:53:16'),(2264,24,14,'2021-05-15 18:49:14','2021-05-15 18:50:13'),(2265,24,14,'2021-05-08 07:13:28','2021-05-08 07:13:49'),(2266,24,11,'2021-05-31 14:12:27','2021-05-31 14:13:53'),(2267,24,11,'2021-05-17 19:06:55','2021-05-17 19:08:10'),(2268,24,13,'2021-05-21 02:04:48','2021-05-21 02:05:41'),(2269,24,12,'2021-06-09 09:55:51','2021-06-09 09:56:13'),(2270,24,15,'2021-06-06 08:44:03','2021-06-06 08:44:27'),(2271,24,14,'2021-05-26 08:32:47','2021-05-26 08:33:10'),(2272,24,11,'2021-06-20 04:51:54','2021-06-20 04:53:13'),(2273,24,11,'2021-06-14 02:53:26','2021-06-14 02:54:20'),(2274,24,14,'2021-05-08 01:08:16','2021-05-08 01:09:04'),(2275,24,13,'2021-05-29 16:39:25','2021-05-29 16:40:09'),(2276,24,13,'2021-06-09 10:42:54','2021-06-09 10:44:25'),(2277,24,11,'2021-05-27 16:23:14','2021-05-27 16:24:36'),(2278,24,11,'2021-05-28 18:43:30','2021-05-28 18:44:35'),(2279,24,14,'2021-06-15 13:35:52','2021-06-15 13:37:01'),(2280,24,24,'2021-06-05 08:00:11','2021-06-05 08:19:11'),(2281,24,21,'2021-05-13 16:47:19','2021-05-13 17:36:19'),(2282,24,21,'2021-06-12 14:58:34','2021-06-12 16:12:34'),(2283,24,22,'2021-06-16 14:20:36','2021-06-16 15:55:36'),(2284,24,21,'2021-06-12 19:37:01','2021-06-12 20:11:01'),(2285,24,17,'2021-05-24 13:35:15','2021-05-24 14:00:15'),(2286,24,16,'2021-06-04 03:50:06','2021-06-04 04:34:06'),(2287,24,18,'2021-05-26 13:53:45','2021-05-26 15:02:45'),(2288,24,17,'2021-06-16 02:17:37','2021-06-16 03:24:37'),(2289,24,19,'2021-06-06 05:23:00','2021-06-06 05:53:00'),(2290,24,51,'2021-06-19 03:17:08','2021-06-19 03:50:08'),(2291,24,26,'2021-06-19 03:17:08','2021-05-22 08:20:00'),(2292,25,67,'2021-06-09 19:13:32','2021-06-10 19:23:54'),(2293,25,67,'2021-06-11 12:18:11','2021-06-12 01:29:40'),(2294,25,67,'2021-05-04 21:44:28','2021-05-05 17:24:00'),(2295,25,67,'2021-06-19 23:32:14','2021-06-20 04:04:14'),(2296,25,67,'2021-05-11 22:35:41','2021-05-12 10:00:58'),(2297,25,67,'2021-06-17 01:00:53','2021-06-17 18:23:35'),(2298,25,67,'2021-05-06 10:46:40','2021-05-07 12:58:37'),(2299,25,67,'2021-05-15 11:09:54','2021-05-16 06:58:21'),(2300,25,67,'2021-06-13 22:07:52','2021-06-14 05:10:24'),(2301,25,67,'2021-06-01 17:11:00','2021-06-02 04:52:04'),(2302,25,67,'2021-05-21 15:37:22','2021-05-22 11:04:06'),(2303,25,67,'2021-05-08 15:21:31','2021-05-09 15:35:59'),(2304,25,67,'2021-05-23 12:25:40','2021-05-23 17:04:37'),(2305,25,67,'2021-05-19 05:21:28','2021-05-20 05:06:03'),(2306,25,67,'2021-06-06 18:23:06','2021-06-07 15:22:50'),(2307,25,67,'2021-06-07 23:11:51','2021-06-08 13:27:42'),(2308,25,67,'2021-05-07 11:05:47','2021-05-08 09:54:34'),(2309,25,67,'2021-05-29 22:06:43','2021-05-30 01:41:09'),(2310,25,67,'2021-05-14 07:52:29','2021-05-14 14:58:11'),(2311,25,67,'2021-06-18 12:20:13','2021-06-19 12:17:09'),(2312,25,67,'2021-06-12 19:07:01','2021-06-13 13:57:00'),(2313,25,67,'2021-05-23 05:58:50','2021-05-24 06:16:02'),(2314,25,67,'2021-06-17 07:29:59','2021-06-18 05:36:16'),(2315,25,67,'2021-06-20 09:20:10','2021-06-21 16:34:56'),(2316,25,67,'2021-05-12 13:53:02','2021-05-12 21:44:27'),(2317,25,67,'2021-05-13 11:46:17','2021-05-14 10:43:23'),(2318,25,67,'2021-05-19 01:49:29','2021-05-20 06:47:39'),(2319,25,67,'2021-06-18 01:38:17','2021-06-18 14:09:30'),(2320,25,67,'2021-05-23 03:34:05','2021-05-23 18:08:32'),(2321,25,67,'2021-06-04 04:59:34','2021-06-04 07:40:48'),(2322,25,12,'2021-06-20 19:03:15','2021-06-20 19:04:45'),(2323,25,12,'2021-05-29 01:35:05','2021-05-29 01:35:51'),(2324,25,14,'2021-05-26 01:08:39','2021-05-26 01:10:11'),(2325,25,14,'2021-05-05 03:59:40','2021-05-05 04:00:50'),(2326,25,11,'2021-06-12 22:31:38','2021-06-12 22:32:06'),(2327,25,11,'2021-05-07 12:08:27','2021-05-07 12:08:57'),(2328,25,12,'2021-06-09 23:39:30','2021-06-09 23:40:32'),(2329,25,13,'2021-05-06 08:27:26','2021-05-06 08:28:45'),(2330,25,13,'2021-06-08 11:28:36','2021-06-08 11:29:35'),(2331,25,15,'2021-06-19 16:58:25','2021-06-19 16:59:56'),(2332,25,13,'2021-06-09 05:13:05','2021-06-09 05:13:55'),(2333,25,14,'2021-06-15 04:46:56','2021-06-15 04:47:31'),(2334,25,15,'2021-05-24 17:29:37','2021-05-24 17:30:31'),(2335,25,11,'2021-05-20 20:52:20','2021-05-20 20:53:52'),(2336,25,12,'2021-05-23 12:28:46','2021-05-23 12:29:09'),(2337,25,14,'2021-05-26 23:09:18','2021-05-26 23:10:44'),(2338,25,14,'2021-05-13 17:59:33','2021-05-13 17:59:58'),(2339,25,13,'2021-06-04 12:18:14','2021-06-04 12:19:39'),(2340,25,14,'2021-05-10 08:00:24','2021-05-10 08:01:11'),(2341,25,11,'2021-05-24 03:29:46','2021-05-24 03:30:16'),(2342,25,15,'2021-05-27 02:25:37','2021-05-27 02:26:19'),(2343,25,13,'2021-05-30 17:38:54','2021-05-30 17:39:33'),(2344,25,13,'2021-05-14 19:23:33','2021-05-14 19:24:10'),(2345,25,12,'2021-05-16 01:39:47','2021-05-16 01:40:16'),(2346,25,15,'2021-05-28 18:38:37','2021-05-28 18:39:18'),(2347,25,12,'2021-05-17 04:33:37','2021-05-17 04:34:28'),(2348,25,15,'2021-05-03 16:32:48','2021-05-03 16:33:56'),(2349,25,14,'2021-06-12 20:16:21','2021-06-12 20:17:45'),(2350,25,12,'2021-05-10 21:20:18','2021-05-10 21:20:52'),(2351,25,13,'2021-05-08 22:11:29','2021-05-08 22:12:48'),(2352,25,11,'2021-05-12 09:40:11','2021-05-12 09:41:27'),(2353,25,11,'2021-05-21 14:44:39','2021-05-21 14:46:10'),(2354,25,13,'2021-05-17 01:11:16','2021-05-17 01:11:53'),(2355,25,13,'2021-06-03 02:05:44','2021-06-03 02:07:14'),(2356,25,15,'2021-05-27 11:56:11','2021-05-27 11:57:02'),(2357,25,15,'2021-06-01 02:32:15','2021-06-01 02:33:50'),(2358,25,14,'2021-06-04 15:32:10','2021-06-04 15:33:04'),(2359,25,15,'2021-05-24 09:27:25','2021-05-24 09:27:53'),(2360,25,15,'2021-05-11 12:04:29','2021-05-11 12:06:03'),(2361,25,12,'2021-05-16 19:52:22','2021-05-16 19:53:10'),(2362,25,11,'2021-05-27 18:47:43','2021-05-27 18:48:36'),(2363,25,13,'2021-06-17 07:27:41','2021-06-17 07:28:39'),(2364,25,14,'2021-05-17 18:47:52','2021-05-17 18:48:38'),(2365,25,12,'2021-06-17 17:21:02','2021-06-17 17:21:37'),(2366,25,11,'2021-05-17 06:54:37','2021-05-17 06:55:30'),(2367,25,15,'2021-06-15 03:41:45','2021-06-15 03:42:47'),(2368,25,13,'2021-06-06 14:36:29','2021-06-06 14:37:50'),(2369,25,11,'2021-06-18 15:40:43','2021-06-18 15:41:49'),(2370,25,15,'2021-06-21 03:00:21','2021-06-21 03:01:16'),(2371,25,12,'2021-05-18 17:11:54','2021-05-18 17:13:31'),(2372,25,25,'2021-05-13 13:24:54','2021-05-13 14:38:54'),(2373,25,24,'2021-05-07 14:32:02','2021-05-07 15:42:02'),(2374,25,20,'2021-05-09 19:30:30','2021-05-09 20:17:30'),(2375,25,25,'2021-06-09 22:54:50','2021-06-09 23:36:50'),(2376,25,21,'2021-05-14 22:30:39','2021-05-14 23:37:39'),(2377,25,19,'2021-06-17 14:42:50','2021-06-17 15:29:50'),(2378,25,18,'2021-06-08 01:40:43','2021-06-08 02:16:43'),(2379,25,17,'2021-05-17 10:35:34','2021-05-17 11:43:34'),(2380,25,18,'2021-05-25 02:15:33','2021-05-25 03:21:33'),(2381,25,19,'2021-05-14 09:05:23','2021-05-14 10:52:23'),(2382,25,51,'2021-06-01 17:02:48','2021-06-01 18:38:48'),(2383,25,26,'2021-06-01 17:02:48','2021-05-31 03:02:08');
/*!40000 ALTER TABLE `visit_log` ENABLE KEYS */;
UNLOCK TABLES;

--
-- Final view structure for view `customer_activity`
--

/*!50001 DROP TABLE IF EXISTS `customer_activity`*/;
/*!50001 DROP VIEW IF EXISTS `customer_activity`*/;
/*!50001 SET @saved_cs_client          = @@character_set_client */;
/*!50001 SET @saved_cs_results         = @@character_set_results */;
/*!50001 SET @saved_col_connection     = @@collation_connection */;
/*!50001 SET character_set_client      = utf8mb4 */;
/*!50001 SET character_set_results     = utf8mb4 */;
/*!50001 SET collation_connection      = utf8mb4_general_ci */;
/*!50001 CREATE ALGORITHM=UNDEFINED */
/*!50013 DEFINER=`root`@`localhost` SQL SECURITY DEFINER */
/*!50001 VIEW `customer_activity` AS select `v`.`customer_id` AS `customer_id`,`v`.`timestamp_in` AS `timestamp_in`,`v`.`timestamp_out` AS `timestamp_out`,`p`.`place_id` AS `place_id`,`p`.`place_description` AS `place_description` from (`visit_log` `v` join `places` `p` on(`v`.`place_id` = `p`.`place_id`)) order by `v`.`timestamp_in` */;
/*!50001 SET character_set_client      = @saved_cs_client */;
/*!50001 SET character_set_results     = @saved_cs_results */;
/*!50001 SET collation_connection      = @saved_col_connection */;

--
-- Final view structure for view `customer_charges`
--

/*!50001 DROP TABLE IF EXISTS `customer_charges`*/;
/*!50001 DROP VIEW IF EXISTS `customer_charges`*/;
/*!50001 SET @saved_cs_client          = @@character_set_client */;
/*!50001 SET @saved_cs_results         = @@character_set_results */;
/*!50001 SET @saved_col_connection     = @@collation_connection */;
/*!50001 SET character_set_client      = utf8mb4 */;
/*!50001 SET character_set_results     = utf8mb4 */;
/*!50001 SET collation_connection      = utf8mb4_general_ci */;
/*!50001 CREATE ALGORITHM=UNDEFINED */
/*!50013 DEFINER=`root`@`localhost` SQL SECURITY DEFINER */
/*!50001 VIEW `customer_charges` AS (select `c`.`nfc_id` AS `nfc_id`,`e`.`enroll_date_time` AS `date`,'SERVICE ENROLL' AS `type`,`r`.`enroll_price` AS `charge`,`r`.`service_type` AS `description` from ((`customers` `c` join `enroll_in` `e` on(`c`.`nfc_id` = `e`.`customer_id`)) join `register_services` `r` on(`e`.`service_id` = `r`.`service_id`)) where `e`.`service_id` <> 2) union (select `c`.`nfc_id` AS `nfc_id`,`u`.`use_date_time` AS `date`,replace(concat(`s`.`service_type`,' BILL'),'_',' ') AS `type`,`u`.`charge_amount` AS `charge`,`u`.`description` AS `description` from ((`customers` `c` join `use_charge_log` `u` on(`c`.`nfc_id` = `u`.`customer_id`)) join `services` `s` on(`u`.`service_id` = `s`.`service_id`)) where `u`.`service_id` <> 2 and `u`.`paid` = 0) union (select `c`.`nfc_id` AS `nfc_id`,`u`.`use_date_time` AS `date`,'RESERVATION' AS `type`,`u`.`charge_amount` AS `charge`,`u`.`description` AS `description` from ((`customers` `c` join `use_charge_log` `u` on(`c`.`nfc_id` = `u`.`customer_id`)) join `services` `s` on(`u`.`service_id` = `s`.`service_id`)) where `u`.`service_id` = 2 and `u`.`paid` = 0) order by `date` */;
/*!50001 SET character_set_client      = @saved_cs_client */;
/*!50001 SET character_set_results     = @saved_cs_results */;
/*!50001 SET collation_connection      = @saved_col_connection */;

--
-- Final view structure for view `customer_data`
--

/*!50001 DROP TABLE IF EXISTS `customer_data`*/;
/*!50001 DROP VIEW IF EXISTS `customer_data`*/;
/*!50001 SET @saved_cs_client          = @@character_set_client */;
/*!50001 SET @saved_cs_results         = @@character_set_results */;
/*!50001 SET @saved_col_connection     = @@collation_connection */;
/*!50001 SET character_set_client      = utf8mb4 */;
/*!50001 SET character_set_results     = utf8mb4 */;
/*!50001 SET collation_connection      = utf8mb4_general_ci */;
/*!50001 CREATE ALGORITHM=UNDEFINED */
/*!50013 DEFINER=`root`@`localhost` SQL SECURITY DEFINER */
/*!50001 VIEW `customer_data` AS select `c`.`nfc_id` AS `nfc_id`,`c`.`first_name` AS `first_name`,`c`.`last_name` AS `last_name`,`c`.`verif_id` AS `verif_id`,`c`.`date_of_birth` AS `birth`,timestampdiff(YEAR,`c`.`date_of_birth`,curdate()) AS `age`,`c`.`gender` AS `gender`,(select `p`.`place_description` from ((`customers` `cu` join `have_access` `h` on(`cu`.`nfc_id` = `h`.`customer_id`)) join `places` `p` on(`h`.`place_id` = `p`.`place_id`)) where `c`.`nfc_id` = `cu`.`nfc_id` and `p`.`offered_service_id` = 2) AS `reserved` from `customers` `c` */;
/*!50001 SET character_set_client      = @saved_cs_client */;
/*!50001 SET character_set_results     = @saved_cs_results */;
/*!50001 SET collation_connection      = @saved_col_connection */;

--
-- Final view structure for view `customers_age`
--

/*!50001 DROP TABLE IF EXISTS `customers_age`*/;
/*!50001 DROP VIEW IF EXISTS `customers_age`*/;
/*!50001 SET @saved_cs_client          = @@character_set_client */;
/*!50001 SET @saved_cs_results         = @@character_set_results */;
/*!50001 SET @saved_col_connection     = @@collation_connection */;
/*!50001 SET character_set_client      = utf8mb4 */;
/*!50001 SET character_set_results     = utf8mb4 */;
/*!50001 SET collation_connection      = utf8mb4_general_ci */;
/*!50001 CREATE ALGORITHM=UNDEFINED */
/*!50013 DEFINER=`root`@`localhost` SQL SECURITY DEFINER */
/*!50001 VIEW `customers_age` AS select `c`.`nfc_id` AS `NFC_ID`,`c`.`first_name` AS `First Name`,`c`.`last_name` AS `Last Name`,timestampdiff(YEAR,`c`.`date_of_birth`,curdate()) AS `Age` from `customers` `c` */;
/*!50001 SET character_set_client      = @saved_cs_client */;
/*!50001 SET character_set_results     = @saved_cs_results */;
/*!50001 SET collation_connection      = @saved_col_connection */;

--
-- Final view structure for view `most_used_by_most_customers`
--

/*!50001 DROP TABLE IF EXISTS `most_used_by_most_customers`*/;
/*!50001 DROP VIEW IF EXISTS `most_used_by_most_customers`*/;
/*!50001 SET @saved_cs_client          = @@character_set_client */;
/*!50001 SET @saved_cs_results         = @@character_set_results */;
/*!50001 SET @saved_col_connection     = @@collation_connection */;
/*!50001 SET character_set_client      = utf8mb4 */;
/*!50001 SET character_set_results     = utf8mb4 */;
/*!50001 SET collation_connection      = utf8mb4_general_ci */;
/*!50001 CREATE ALGORITHM=UNDEFINED */
/*!50013 DEFINER=`root`@`localhost` SQL SECURITY DEFINER */
/*!50001 VIEW `most_used_by_most_customers` AS select `s`.`service_id` AS `service_id`,`s`.`service_type` AS `service_type`,count(distinct `u`.`customer_id`,`u`.`service_id`) AS `count(distinct u.customer_id, u.service_id)` from (`use_charge_log` `u` join `services` `s` on(`u`.`service_id` = `s`.`service_id`)) where `s`.`service_id` <> 2 group by `s`.`service_id` */;
/*!50001 SET character_set_client      = @saved_cs_client */;
/*!50001 SET character_set_results     = @saved_cs_results */;
/*!50001 SET collation_connection      = @saved_col_connection */;

--
-- Final view structure for view `uses_per_service`
--

/*!50001 DROP TABLE IF EXISTS `uses_per_service`*/;
/*!50001 DROP VIEW IF EXISTS `uses_per_service`*/;
/*!50001 SET @saved_cs_client          = @@character_set_client */;
/*!50001 SET @saved_cs_results         = @@character_set_results */;
/*!50001 SET @saved_col_connection     = @@collation_connection */;
/*!50001 SET character_set_client      = utf8mb4 */;
/*!50001 SET character_set_results     = utf8mb4 */;
/*!50001 SET collation_connection      = utf8mb4_general_ci */;
/*!50001 CREATE ALGORITHM=UNDEFINED */
/*!50013 DEFINER=`root`@`localhost` SQL SECURITY DEFINER */
/*!50001 VIEW `uses_per_service` AS select `s`.`service_id` AS `service_id`,`s`.`service_type` AS `service_type`,count(0) AS `total_uses` from (`use_charge_log` `u` join `services` `s` on(`u`.`service_id` = `s`.`service_id`)) where `u`.`service_id` <> 2 group by `u`.`service_id` */;
/*!50001 SET character_set_client      = @saved_cs_client */;
/*!50001 SET character_set_results     = @saved_cs_results */;
/*!50001 SET collation_connection      = @saved_col_connection */;
/*!40103 SET TIME_ZONE=@OLD_TIME_ZONE */;

/*!40101 SET SQL_MODE=@OLD_SQL_MODE */;
/*!40014 SET FOREIGN_KEY_CHECKS=@OLD_FOREIGN_KEY_CHECKS */;
/*!40014 SET UNIQUE_CHECKS=@OLD_UNIQUE_CHECKS */;
/*!40101 SET CHARACTER_SET_CLIENT=@OLD_CHARACTER_SET_CLIENT */;
/*!40101 SET CHARACTER_SET_RESULTS=@OLD_CHARACTER_SET_RESULTS */;
/*!40101 SET COLLATION_CONNECTION=@OLD_COLLATION_CONNECTION */;
/*!40111 SET SQL_NOTES=@OLD_SQL_NOTES */;

-- Dump completed on 2021-06-15 17:19:46
